I, II, III, aVR, aVL, aVF,V1,V2,V3,V4,V5,V6
29,58,29,-43,0,43,58,175,146,87,19,-9
34,58,24,-46,4,41,58,180,151,92,29,-4
39,58,19,-48,9,39,58,185,156,97,39,0
39,58,19,-48,9,39,53,190,165,107,39,4
39,58,19,-48,9,39,48,195,175,117,39,9
43,58,14,-51,14,36,43,200,175,122,43,19
48,58,9,-53,19,34,39,204,175,126,48,29
53,58,4,-56,24,31,39,214,180,126,53,29
58,58,0,-58,29,29,39,224,185,126,58,29
63,58,-4,-61,34,26,39,229,190,136,58,24
68,58,-9,-63,39,24,39,234,195,146,58,19
78,58,-19,-68,48,19,34,253,200,146,58,19
87,58,-29,-73,58,14,29,273,204,146,58,19
97,58,-39,-78,68,9,24,278,209,146,53,19
107,58,-48,-82,78,4,19,283,214,146,48,19
112,58,-53,-85,82,2,19,302,224,146,43,14
117,58,-58,-87,87,0,19,322,234,146,39,9
131,68,-63,-100,97,2,19,336,239,146,34,4
146,78,-68,-112,107,4,19,351,244,146,29,0
156,78,-78,-117,117,0,19,370,248,146,29,0
165,78,-87,-122,126,-4,19,390,253,146,29,0
170,73,-97,-122,134,-12,19,405,253,141,19,-4
175,68,-107,-122,141,-19,19,419,253,136,9,-9
185,63,-122,-124,153,-29,19,439,253,122,0,-14
195,58,-136,-126,165,-39,19,458,253,107,-9,-19
204,58,-146,-131,175,-43,19,473,253,92,-19,-24
214,58,-156,-136,185,-48,19,488,253,78,-29,-29
219,53,-165,-136,192,-56,19,497,244,58,-48,-43
224,48,-175,-136,200,-63,19,507,234,39,-68,-58
224,39,-185,-131,204,-73,19,507,219,9,-97,-73
224,29,-195,-126,209,-82,19,507,204,-19,-126,-87
219,19,-200,-119,209,-90,19,502,195,-39,-141,-92
214,9,-204,-112,209,-97,19,497,185,-58,-156,-97
214,9,-204,-112,209,-97,19,492,175,-78,-170,-102
214,9,-204,-112,209,-97,19,488,165,-97,-185,-107
200,14,-185,-107,192,-85,19,473,156,-107,-185,-107
185,19,-165,-102,175,-73,19,458,146,-117,-185,-107
170,19,-151,-95,161,-65,19,429,131,-117,-185,-102
156,19,-136,-87,146,-58,19,400,117,-117,-185,-97
131,9,-122,-70,126,-56,24,366,97,-117,-180,-97
107,0,-107,-53,107,-53,29,331,78,-117,-175,-97
87,-9,-97,-39,92,-53,29,302,73,-107,-165,-92
68,-19,-87,-24,78,-53,29,273,68,-97,-156,-87
58,-19,-78,-19,68,-48,29,244,63,-92,-146,-78
48,-19,-68,-14,58,-43,29,214,58,-87,-136,-68
39,-9,-48,-14,43,-29,29,185,48,-78,-117,-58
29,0,-29,-14,29,-14,29,156,39,-68,-97,-48
19,0,-19,-9,19,-9,29,131,24,-58,-82,-43
9,0,-9,-4,9,-4,29,107,9,-48,-68,-39
-9,-9,0,9,-4,-4,19,87,9,-43,-58,-39
-29,-19,9,24,-19,-4,9,68,9,-39,-48,-39
-29,-19,9,24,-19,-4,9,58,9,-34,-43,-29
-29,-19,9,24,-19,-4,9,48,9,-29,-39,-19
-24,-14,9,19,-17,-2,9,48,9,-19,-29,-4
-19,-9,9,14,-14,0,9,48,9,-9,-19,9
-19,-4,14,12,-17,4,9,48,9,0,-9,9
-19,0,19,9,-19,9,9,48,9,9,0,9
-14,0,14,7,-14,7,9,48,14,14,0,9
-9,0,9,4,-9,4,9,48,19,19,0,9
-9,0,9,4,-9,4,9,48,19,19,9,14
-9,0,9,4,-9,4,9,48,19,19,19,19
-9,0,9,4,-9,4,9,48,19,19,19,19
-9,0,9,4,-9,4,9,48,19,19,19,19
-9,0,9,4,-9,4,9,48,19,19,19,19
-9,0,9,4,-9,4,9,48,19,19,19,19
-9,0,9,4,-9,4,9,48,19,19,19,24
-9,0,9,4,-9,4,9,48,19,19,19,29
-9,0,9,4,-9,4,9,48,19,19,19,29
-9,0,9,4,-9,4,9,48,19,19,19,29
-9,4,14,2,-12,9,9,48,19,19,19,29
-9,9,19,0,-14,14,9,48,19,19,19,29
-9,9,19,0,-14,14,9,48,19,19,14,24
-9,9,19,0,-14,14,9,48,19,19,9,19
-14,4,19,4,-17,12,4,48,19,14,0,9
-19,0,19,9,-19,9,0,48,19,9,-9,0
-19,0,19,9,-19,9,0,43,9,9,-9,0
-19,0,19,9,-19,9,0,39,0,9,-9,0
-19,0,19,9,-19,9,0,34,0,0,-9,0
-19,0,19,9,-19,9,0,29,0,-9,-9,0
-19,-4,14,12,-17,4,0,29,-4,-9,-9,0
-19,-9,9,14,-14,0,0,29,-9,-9,-9,0
-19,-9,9,14,-14,0,0,24,-9,-14,-14,0
-19,-9,9,14,-14,0,0,19,-9,-19,-19,0
-19,-9,9,14,-14,0,0,14,-9,-24,-19,-4
-19,-9,9,14,-14,0,0,9,-9,-29,-19,-9
-19,-9,9,14,-14,0,0,9,-9,-29,-24,-9
-19,-9,9,14,-14,0,0,9,-9,-29,-29,-9
-19,-14,4,17,-12,-4,0,9,-14,-29,-29,-9
-19,-19,0,19,-9,-9,0,9,-19,-29,-29,-9
-29,-24,4,26,-17,-9,0,4,-29,-39,-34,-9
-39,-29,9,34,-24,-9,0,0,-39,-48,-39,-9
-39,-29,9,34,-24,-9,0,0,-39,-48,-39,-14
-39,-29,9,34,-24,-9,0,0,-39,-48,-39,-19
-39,-24,14,31,-26,-4,0,-4,-39,-48,-39,-19
-39,-19,19,29,-29,0,0,-9,-39,-48,-39,-19
-39,-19,19,29,-29,0,0,-9,-39,-48,-39,-14
-39,-19,19,29,-29,0,0,-9,-39,-48,-39,-9
-39,-19,19,29,-29,0,0,-9,-39,-48,-39,-9
-39,-19,19,29,-29,0,0,-9,-39,-48,-39,-9
-39,-19,19,29,-29,0,0,-9,-39,-48,-39,-9
-39,-19,19,29,-29,0,0,-9,-39,-48,-39,-9
-39,-19,19,29,-29,0,-4,-9,-39,-48,-34,-9
-39,-19,19,29,-29,0,-9,-9,-39,-48,-29,-9
-39,-19,19,29,-29,0,-9,-14,-39,-48,-29,-14
-39,-19,19,29,-29,0,-9,-19,-39,-48,-29,-19
-39,-19,19,29,-29,0,-9,-19,-39,-48,-39,-19
-39,-19,19,29,-29,0,-9,-19,-39,-48,-48,-19
-39,-19,19,29,-29,0,-9,-19,-39,-48,-48,-19
-39,-19,19,29,-29,0,-9,-19,-39,-48,-48,-19
-39,-19,19,29,-29,0,-9,-19,-39,-48,-43,-19
-39,-19,19,29,-29,0,-9,-19,-39,-48,-39,-19
-39,-19,19,29,-29,0,-9,-24,-39,-53,-39,-24
-39,-19,19,29,-29,0,-9,-29,-39,-58,-39,-29
-39,-24,14,31,-26,-4,-9,-29,-39,-63,-43,-29
-39,-29,9,34,-24,-9,-9,-29,-39,-68,-48,-29
-39,-29,9,34,-24,-9,-9,-29,-39,-68,-48,-29
-39,-29,9,34,-24,-9,-9,-29,-39,-68,-48,-29
-39,-29,9,34,-24,-9,-9,-29,-39,-63,-48,-29
-39,-29,9,34,-24,-9,-9,-29,-39,-58,-48,-29
-34,-24,9,29,-21,-7,-14,-29,-39,-58,-48,-29
-29,-19,9,24,-19,-4,-19,-29,-39,-58,-48,-29
-29,-19,9,24,-19,-4,-19,-29,-39,-58,-48,-29
-29,-19,9,24,-19,-4,-19,-29,-39,-58,-48,-29
-34,-14,19,24,-26,2,-19,-29,-39,-58,-48,-29
-39,-9,29,24,-34,9,-19,-29,-39,-58,-48,-29
-39,-9,29,24,-34,9,-19,-29,-39,-58,-48,-29
-39,-9,29,24,-34,9,-19,-29,-39,-58,-48,-29
-39,-9,29,24,-34,9,-19,-24,-39,-58,-48,-29
-39,-9,29,24,-34,9,-19,-19,-39,-58,-48,-29
-39,-9,29,24,-34,9,-19,-19,-39,-58,-43,-24
-39,-9,29,24,-34,9,-19,-19,-39,-58,-39,-19
-39,-9,29,24,-34,9,-19,-24,-39,-58,-39,-19
-39,-9,29,24,-34,9,-19,-29,-39,-58,-39,-19
-43,-9,34,26,-39,12,-19,-29,-39,-63,-48,-24
-48,-9,39,29,-43,14,-19,-29,-39,-68,-58,-29
-48,-9,39,29,-43,14,-14,-29,-39,-68,-58,-29
-48,-9,39,29,-43,14,-9,-29,-39,-68,-58,-29
-48,-9,39,29,-43,14,-9,-29,-39,-68,-53,-29
-48,-9,39,29,-43,14,-9,-29,-39,-68,-48,-29
-48,-4,43,26,-46,19,-9,-29,-39,-68,-48,-29
-48,0,48,24,-48,24,-9,-29,-39,-68,-48,-29
-43,0,43,21,-43,21,-9,-29,-39,-68,-48,-34
-39,0,39,19,-39,19,-9,-29,-39,-68,-48,-39
-39,-4,34,21,-36,14,-9,-29,-39,-68,-53,-43
-39,-9,29,24,-34,9,-9,-29,-39,-68,-58,-48
-39,-9,29,24,-34,9,-9,-24,-43,-68,-58,-48
-39,-9,29,24,-34,9,-9,-19,-48,-68,-58,-48
-39,-9,29,24,-34,9,-9,-19,-48,-68,-58,-43
-39,-9,29,24,-34,9,-9,-19,-48,-68,-58,-39
-39,-9,29,24,-34,9,-9,-19,-43,-68,-58,-34
-39,-9,29,24,-34,9,-9,-19,-39,-68,-58,-29
-39,-9,29,24,-34,9,-9,-19,-39,-68,-58,-29
-39,-9,29,24,-34,9,-9,-19,-39,-68,-58,-29
-39,-9,29,24,-34,9,-9,-19,-39,-68,-58,-34
-39,-9,29,24,-34,9,-9,-19,-39,-68,-58,-39
-39,-9,29,24,-34,9,-9,-19,-39,-68,-58,-39
-39,-9,29,24,-34,9,-9,-19,-39,-68,-58,-39
-43,-9,34,26,-39,12,-9,-19,-39,-68,-53,-34
-48,-9,39,29,-43,14,-9,-19,-39,-68,-48,-29
-48,-9,39,29,-43,14,-9,-19,-39,-68,-48,-29
-48,-9,39,29,-43,14,-9,-19,-39,-68,-48,-29
-48,-9,39,29,-43,14,-9,-19,-39,-68,-48,-29
-48,-9,39,29,-43,14,-9,-19,-39,-68,-48,-29
-48,-9,39,29,-43,14,-9,-19,-39,-63,-48,-34
-48,-9,39,29,-43,14,-9,-19,-39,-58,-48,-39
-48,-9,39,29,-43,14,-9,-19,-39,-58,-53,-43
-48,-9,39,29,-43,14,-9,-19,-39,-58,-58,-48
-43,-9,34,26,-39,12,-9,-19,-39,-58,-58,-48
-39,-9,29,24,-34,9,-9,-19,-39,-58,-58,-48
-39,-9,29,24,-34,9,-9,-14,-39,-58,-48,-43
-39,-9,29,24,-34,9,-9,-9,-39,-58,-39,-39
-39,-9,29,24,-34,9,-9,-9,-39,-58,-53,-39
-39,-9,29,24,-34,9,-9,-9,-39,-58,-68,-39
-48,-14,34,31,-41,9,-9,-14,-39,-68,-68,-39
-58,-19,39,39,-48,9,-9,-19,-39,-78,-68,-39
-58,-19,39,39,-48,9,-4,-19,-39,-68,-63,-34
-58,-19,39,39,-48,9,0,-19,-39,-58,-58,-29
-53,-19,34,36,-43,7,0,-19,-39,-58,-58,-29
-48,-14,34,31,-41,9,0,-19,-34,-58,-58,-29
-43,-14,29,29,-36,7,-4,-19,-34,-63,-58,-34
-39,-4,34,21,-36,14,-9,-19,-34,-68,-58,-39
-39,4,43,17,-41,24,-4,-19,-39,-68,-58,-39
-39,9,48,14,-43,29,-4,-19,-43,-68,-58,-39
-43,-4,39,24,-41,17,-9,-24,-43,-68,-58,-34
-48,-19,29,34,-39,4,-4,-19,-48,-78,-68,-34
-48,-58,-9,53,-19,-34,4,-9,-53,-78,-73,-43
-43,-87,-43,65,0,-65,24,9,-63,-78,-73,-53
-39,-112,-73,75,17,-92,58,34,-58,-87,-78,-63
-34,-126,-92,80,29,-109,87,53,-63,-92,-82,-68
-24,-141,-117,82,46,-129,87,63,-78,-107,-92,-78
-9,-151,-141,80,65,-146,82,68,-97,-117,-107,-87
0,-165,-165,82,82,-165,73,68,-131,-136,-117,-107
9,-170,-180,80,95,-175,63,68,-141,-141,-131,-117
14,-165,-180,75,97,-173,53,68,-141,-141,-126,-107
14,-165,-180,75,97,-173,68,68,-136,-141,-131,-107
14,-170,-185,78,100,-178,107,78,-136,-141,-141,-117
19,-175,-195,78,107,-185,122,82,-136,-141,-141,-117
19,-156,-175,68,97,-165,131,82,-136,-141,-131,-112
19,-126,-146,53,82,-136,117,78,-122,-122,-112,-82
29,-87,-117,29,73,-102,53,53,-97,-102,-87,-58
39,-48,-87,4,63,-68,-9,24,-78,-82,-58,-34
48,-29,-78,-9,63,-53,-29,9,-73,-82,-53,-24
39,-19,-58,-9,48,-39,-43,-9,-73,-82,-53,-19
34,-14,-48,-9,41,-31,-39,-14,-78,-87,-58,-19
24,-14,-39,-4,31,-26,-29,-19,-78,-92,-68,-19
24,-19,-43,-2,34,-31,-24,-9,-78,-97,-78,-39
14,-29,-43,7,29,-36,-19,-9,-78,-97,-78,-48
-4,-29,-24,17,9,-26,-9,-9,-68,-92,-78,-48
-14,-14,0,14,-7,-7,-9,-9,-58,-87,-78,-48
-24,0,24,12,-24,12,-9,-9,-48,-82,-68,-43
-24,9,34,7,-29,21,-14,-19,-34,-73,-58,-39
-24,14,39,4,-31,26,-14,-19,-34,-73,-53,-39
-29,14,43,7,-36,29,-14,-19,-34,-73,-53,-39
-29,14,43,7,-36,29,-14,-19,-34,-73,-58,-43
-34,14,48,9,-41,31,-14,-19,-29,-73,-58,-48
-34,14,48,9,-41,31,-9,-14,-24,-73,-58,-53
-34,9,43,12,-39,26,-9,-14,-24,-73,-58,-53
-39,9,48,14,-43,29,-4,-14,-24,-73,-63,-53
-48,9,58,19,-53,34,0,-14,-24,-73,-68,-48
-63,4,68,29,-65,36,-4,-24,-24,-73,-58,-43
-73,14,87,29,-80,51,-9,-39,4,-39,-34,-34
-68,43,112,12,-90,78,-19,-39,53,-9,-39,-39
-53,97,151,-21,-102,124,-39,-39,122,68,0,-14
-29,131,161,-51,-95,146,-117,-117,165,214,136,87
-29,185,214,-78,-122,200,-209,-322,268,424,356,248
-39,375,414,-168,-226,395,-366,-722,390,678,644,517
9,590,580,-300,-285,585,-566,-1068,478,878,971,854
112,829,717,-470,-302,773,-810,-1381,570,1127,1371,1249
195,1151,956,-673,-380,1054,-1073,-1751,585,1361,1810,1693
122,1820,1698,-971,-788,1759,-1483,-2493,629,1771,2483,2327
29,1932,1903,-980,-936,1917,-1522,-2742,463,1922,2693,2488
-4,1102,1107,-549,-556,1105,-1122,-2474,-63,1512,2161,2015
-48,253,302,-102,-175,278,-639,-1966,-556,917,1332,1273
-185,-63,122,124,-153,29,-546,-1639,-785,429,405,370
-292,-351,-58,322,-117,-204,-258,-1229,-854,48,-156,-195
-322,-585,-263,453,-29,-424,283,-570,-814,-224,-331,-336
-297,-702,-405,500,53,-553,605,-63,-697,-331,-375,-400
-200,-795,-595,497,197,-695,678,165,-639,-478,-463,-463
-112,-775,-663,444,275,-719,546,180,-600,-546,-512,-497
-156,-717,-561,436,202,-639,375,29,-556,-492,-473,-463
-190,-678,-488,434,148,-583,302,-43,-517,-458,-453,-444
-151,-629,-478,390,163,-553,326,-14,-444,-434,-448,-434
-87,-551,-463,319,187,-507,302,14,-361,-395,-419,-409
4,-239,-244,117,124,-241,161,107,-146,-190,-219,-224
14,-34,-48,9,31,-41,102,161,-4,-53,-82,-92
-19,-24,-4,21,-7,-14,117,161,19,-53,-82,-92
-14,-39,-24,26,4,-31,117,151,34,-53,-92,-102
-19,-29,-9,24,-4,-19,117,136,48,-39,-73,-82
-24,-4,19,14,-21,7,102,126,53,-19,-63,-68
-24,9,34,7,-29,21,97,136,58,-19,-53,-63
-24,14,39,4,-31,26,97,141,73,-14,-53,-63
-24,24,48,0,-36,36,92,131,82,-4,-43,-63
-24,34,58,-4,-41,46,82,131,82,4,-39,-58
-19,48,68,-14,-43,58,73,131,87,9,-29,-48
-19,53,73,-17,-46,63,68,126,92,9,-29,-43
-9,58,68,-24,-39,63,68,126,102,19,-24,-34
-4,63,68,-29,-36,65,63,126,102,24,-19,-24
-4,63,68,-29,-36,65,58,126,102,34,-14,-19
-4,63,68,-29,-36,65,58,126,102,43,-14,-19
0,63,63,-31,-31,63,58,126,107,48,-9,-14
9,68,58,-39,-24,63,53,131,112,53,-4,-14
9,68,58,-39,-24,63,48,136,112,58,-4,-14
14,68,53,-41,-19,61,48,141,117,63,-4,-9
9,63,53,-36,-21,58,48,141,117,68,-4,-9
9,58,48,-34,-19,53,48,146,122,68,0,-9
9,63,53,-36,-21,58,48,141,126,63,4,-9
14,63,48,-39,-17,56,43,141,126,68,4,-4
19,58,39,-39,-9,48,39,146,126,73,9,-9
19,58,39,-39,-9,48,39,146,122,78,9,-14
19,58,39,-39,-9,48,34,151,126,73,4,-14
29,58,29,-43,0,43,29,156,126,73,0,-14
39,63,24,-51,7,43,29,156,131,82,4,-14
48,73,24,-61,12,48,24,161,136,87,9,-9
53,78,24,-65,14,51,29,170,146,97,24,0
58,78,19,-68,19,48,29,170,161,102,29,4
73,78,4,-75,34,41,29,180,161,107,34,4
82,78,-4,-80,43,36,24,190,165,112,39,9
78,78,0,-78,39,39,24,195,170,112,39,14
78,78,0,-78,39,39,24,204,180,112,39,14
78,78,0,-78,39,39,19,214,175,117,39,9
82,78,-4,-80,43,36,4,219,175,122,34,4
92,78,-14,-85,53,31,4,229,185,122,34,4
102,82,-19,-92,61,31,4,244,195,122,29,4
112,82,-29,-97,70,26,9,253,195,122,24,9
122,78,-43,-100,82,17,14,268,200,117,19,4
126,78,-48,-102,87,14,9,278,204,107,9,4
136,82,-53,-109,95,14,9,287,209,97,4,0
146,87,-58,-117,102,14,4,302,209,87,-4,-4
156,87,-68,-122,112,9,4,317,209,73,-9,-14
165,87,-78,-126,122,4,4,326,204,63,-29,-24
170,78,-92,-124,131,-7,4,331,200,48,-48,-34
180,73,-107,-126,143,-17,4,346,190,24,-63,-43
185,63,-122,-124,153,-29,4,356,175,0,-78,-58
190,63,-126,-126,158,-31,4,370,165,-29,-102,-73
200,58,-141,-129,170,-41,9,380,151,-58,-117,-82
200,43,-156,-122,178,-56,9,385,122,-92,-146,-87
204,24,-180,-114,192,-78,9,385,97,-126,-175,-92
204,19,-185,-112,195,-82,9,385,87,-156,-190,-102
204,14,-190,-109,197,-87,9,385,68,-185,-209,-107
190,9,-180,-100,185,-85,9,380,53,-214,-234,-126
180,4,-175,-92,178,-85,9,366,48,-234,-253,-146
170,4,-165,-87,168,-80,14,361,34,-253,-263,-146
151,4,-146,-78,148,-70,14,351,24,-263,-268,-146
151,0,-151,-75,151,-75,19,336,19,-268,-273,-146
146,0,-146,-73,146,-73,19,317,14,-268,-273,-141
131,4,-126,-68,129,-61,24,292,4,-258,-263,-141
117,4,-112,-61,114,-53,24,273,0,-248,-253,-136
97,0,-97,-48,97,-48,24,253,-9,-234,-244,-131
78,0,-78,-39,78,-39,24,229,-14,-219,-234,-131
58,-4,-63,-26,61,-34,24,200,-9,-195,-209,-117
39,-4,-43,-17,41,-24,24,170,0,-170,-185,-107
29,-4,-34,-12,31,-19,29,146,-4,-151,-151,-92
19,-4,-24,-7,21,-14,29,122,-9,-131,-131,-87
4,-4,-9,0,7,-7,24,97,-14,-117,-131,-97
0,-4,-4,2,2,-4,24,78,-19,-102,-126,-112
-4,0,4,2,-4,2,19,63,-14,-82,-117,-87
-4,0,4,2,-4,2,19,53,-9,-68,-97,-63
-9,9,19,0,-14,14,19,43,-9,-58,-73,-48
-9,14,24,-2,-17,19,14,39,-9,-48,-53,-43
-4,19,24,-7,-14,21,9,34,-4,-34,-39,-29
-4,19,24,-7,-14,21,0,29,-4,-19,-29,-29
-4,19,24,-7,-14,21,0,29,0,-19,-14,-19
-9,19,29,-4,-19,24,-4,29,0,-9,-9,-19
-9,19,29,-4,-19,24,-4,24,4,-9,-4,-14
-9,24,34,-7,-21,29,-4,19,4,-9,0,-4
-9,24,34,-7,-21,29,-4,24,4,-4,0,4
-9,24,34,-7,-21,29,-4,24,9,0,4,9
-9,34,43,-12,-26,39,-4,29,9,4,0,-4
-4,39,43,-17,-24,41,-4,39,9,9,0,-14
-4,43,48,-19,-26,46,-4,39,9,9,0,-9
-4,43,48,-19,-26,46,-4,39,14,9,4,-9
-4,43,48,-19,-26,46,-4,43,14,9,9,-9
-4,43,48,-19,-26,46,-4,43,9,9,14,-9
-4,43,48,-19,-26,46,-4,43,9,9,9,-9
-4,43,48,-19,-26,46,-4,39,9,9,9,-9
-4,39,43,-17,-24,41,-4,39,9,9,9,-9
-4,39,43,-17,-24,41,-4,39,4,4,9,-9
-9,39,48,-14,-29,43,-4,39,4,4,4,-9
-9,39,48,-14,-29,43,-9,34,0,-4,0,-9
-19,34,53,-7,-36,43,-9,29,-9,-14,0,-14
-34,29,63,2,-48,46,-4,19,-14,-24,-9,-14
-24,34,58,-4,-41,46,0,19,-19,-24,-19,-29
-14,34,48,-9,-31,41,0,19,-19,-24,-29,-43
-14,29,43,-7,-29,36,0,14,-24,-34,-34,-48
-14,24,39,-4,-26,31,-4,9,-29,-34,-34,-48
-19,24,43,-2,-31,34,-4,14,-29,-39,-34,-48
-19,24,43,-2,-31,34,-4,14,-34,-43,-39,-43
-24,24,48,0,-36,36,-4,14,-39,-43,-43,-39
-29,19,48,4,-39,34,-4,9,-39,-48,-43,-34
-29,19,48,4,-39,34,-4,4,-39,-48,-43,-39
-24,24,48,0,-36,36,-4,4,-39,-53,-48,-39
-24,24,48,0,-36,36,-4,4,-43,-63,-53,-48
-29,24,53,2,-41,39,-4,0,-48,-63,-68,-58
-29,19,48,4,-39,34,-4,-4,-53,-63,-68,-63
-34,9,43,12,-39,26,-9,-9,-53,-73,-68,-63
-39,9,48,14,-43,29,-9,-9,-63,-78,-68,-53
-39,9,48,14,-43,29,-9,-9,-63,-78,-63,-48
-39,9,48,14,-43,29,-4,-9,-58,-78,-68,-53
-39,14,53,12,-46,34,-4,-9,-53,-78,-68,-53
-39,14,53,12,-46,34,-9,-14,-53,-78,-68,-58
-39,9,48,14,-43,29,-9,-19,-58,-78,-68,-68
-43,4,48,19,-46,26,-4,-24,-58,-78,-68,-68
-43,0,43,21,-43,21,-4,-29,-58,-78,-68,-63
-43,0,43,21,-43,21,-4,-29,-63,-82,-68,-58
-39,0,39,19,-39,19,-9,-34,-68,-82,-68,-58
-34,0,34,17,-34,17,-9,-34,-68,-82,-68,-58
-34,0,34,17,-34,17,-9,-34,-68,-82,-68,-58
-39,-4,34,21,-36,14,-9,-34,-68,-82,-68,-63
-39,-4,34,21,-36,14,-9,-34,-68,-82,-68,-73
-39,-4,34,21,-36,14,-9,-34,-68,-82,-68,-73
-39,-4,34,21,-36,14,-9,-34,-68,-82,-68,-73
-34,0,34,17,-34,17,-9,-34,-73,-87,-68,-73
-34,0,34,17,-34,17,-9,-34,-73,-87,-68,-73
-34,-4,29,19,-31,12,-9,-29,-73,-87,-68,-68
-34,-4,29,19,-31,12,-9,-24,-68,-87,-73,-63
-34,4,39,14,-36,21,-9,-24,-68,-87,-73,-63
-34,14,48,9,-41,31,-9,-24,-68,-82,-68,-63
-34,0,34,17,-34,17,-9,-34,-73,-82,-68,-68
-34,-14,19,24,-26,2,-9,-39,-73,-82,-73,-73
-39,-14,24,26,-31,4,-9,-34,-73,-87,-73,-73
-48,-14,34,31,-41,9,-9,-34,-73,-87,-73,-73
-48,-14,34,31,-41,9,-9,-39,-73,-87,-73,-73
-43,-9,34,26,-39,12,-9,-39,-73,-82,-73,-73
-43,-4,39,24,-41,17,-9,-39,-73,-82,-73,-73
-43,-4,39,24,-41,17,-9,-39,-68,-82,-68,-78
-39,-4,34,21,-36,14,-9,-39,-68,-82,-68,-78
-34,-9,24,21,-29,7,-9,-39,-68,-82,-73,-78
-34,-4,29,19,-31,12,-9,-34,-73,-82,-73,-68
-39,0,39,19,-39,19,-14,-34,-73,-87,-73,-63
-39,-4,34,21,-36,14,-14,-34,-73,-87,-68,-63
-34,-4,29,19,-31,12,-14,-34,-73,-82,-63,-63
-34,-9,24,21,-29,7,-14,-34,-73,-82,-63,-68
-34,-14,19,24,-26,2,-14,-34,-73,-87,-68,-68
-34,-14,19,24,-26,2,-14,-29,-73,-87,-73,-68
-29,-14,14,21,-21,0,-14,-29,-73,-87,-73,-68
-29,-19,9,24,-19,-4,-9,-29,-73,-87,-73,-63
-29,-14,14,21,-21,0,-4,-29,-68,-87,-68,-63
-24,-14,9,19,-17,-2,-4,-29,-63,-87,-63,-58
-24,-14,9,19,-17,-2,-4,-29,-63,-87,-58,-53
-24,-9,14,17,-19,2,-4,-29,-63,-87,-63,-53
-24,-4,19,14,-21,7,-4,-34,-63,-87,-63,-58
-24,-9,14,17,-19,2,0,-34,-68,-87,-68,-58
-24,-9,14,17,-19,2,0,-34,-73,-87,-68,-58
-39,-24,14,31,-26,-4,0,-29,-73,-87,-73,-58
-48,-34,14,41,-31,-9,0,-29,-73,-87,-78,-58
-53,-39,14,46,-34,-12,-4,-29,-73,-87,-78,-58
-58,-43,14,51,-36,-14,-4,-29,-73,-87,-73,-58
-58,-43,14,51,-36,-14,0,-29,-68,-87,-68,-58
-58,-43,14,51,-36,-14,0,-34,-68,-87,-68,-58
-53,-39,14,46,-34,-12,0,-29,-68,-87,-68,-63
-48,-39,9,43,-29,-14,0,-29,-68,-87,-68,-68
-48,-39,9,43,-29,-14,0,-29,-68,-87,-68,-68
-48,-39,9,43,-29,-14,0,-29,-68,-87,-68,-68
-48,-39,9,43,-29,-14,0,-24,-68,-87,-68,-68
-48,-39,9,43,-29,-14,0,-19,-68,-87,-68,-68
-48,-39,9,43,-29,-14,0,-19,-68,-82,-68,-63
-48,-39,9,43,-29,-14,0,-19,-68,-78,-68,-58
-48,-39,9,43,-29,-14,0,-19,-68,-78,-68,-58
-48,-39,9,43,-29,-14,0,-19,-68,-78,-68,-58
-48,-39,9,43,-29,-14,0,-19,-68,-82,-68,-58
-48,-39,9,43,-29,-14,0,-19,-68,-87,-68,-58
-43,-39,4,41,-24,-17,0,-19,-68,-87,-68,-58
-39,-39,0,39,-19,-19,0,-19,-63,-82,-68,-58
-39,-39,0,39,-19,-19,0,-19,-58,-82,-68,-58
-39,-34,4,36,-21,-14,0,-19,-53,-78,-68,-58
-39,-29,9,34,-24,-9,4,-19,-53,-78,-68,-58
-39,-29,9,34,-24,-9,4,-19,-53,-78,-68,-58
-39,-24,14,31,-26,-4,0,-24,-48,-73,-63,-53
-39,-19,19,29,-29,0,4,-19,-48,-78,-68,-53
-39,-53,-14,46,-12,-34,14,-9,-48,-82,-73,-63
-34,-78,-43,56,4,-61,34,9,-53,-87,-73,-73
-34,-122,-87,78,26,-104,58,39,-58,-97,-78,-82
-34,-156,-122,95,43,-139,78,63,-73,-102,-82,-87
-24,-170,-146,97,61,-158,92,73,-87,-117,-92,-92
-9,-180,-170,95,80,-175,102,78,-107,-126,-107,-97
-4,-190,-185,97,90,-187,97,78,-131,-141,-112,-107
0,-190,-190,95,95,-190,92,78,-131,-141,-122,-107
4,-175,-180,85,92,-178,92,78,-131,-141,-112,-97
4,-165,-170,80,87,-168,117,78,-126,-141,-112,-97
4,-180,-185,87,95,-183,146,92,-131,-141,-126,-112
9,-195,-204,92,107,-200,151,102,-136,-141,-131,-117
9,-170,-180,80,95,-175,151,87,-136,-141,-122,-112
9,-136,-146,63,78,-141,126,68,-122,-122,-102,-82
19,-97,-117,39,68,-107,48,43,-97,-102,-82,-73
29,-58,-87,14,58,-73,-29,14,-78,-82,-58,-63
39,-48,-87,4,63,-68,-34,4,-82,-92,-53,-48
29,-48,-78,9,53,-63,-34,-9,-92,-102,-53,-39
24,-43,-68,9,46,-56,-24,-4,-82,-92,-53,-34
14,-43,-58,14,36,-51,-9,0,-68,-82,-58,-29
9,-48,-58,19,34,-53,-4,9,-68,-87,-68,-43
-4,-58,-53,31,24,-56,0,9,-68,-87,-68,-48
-24,-58,-34,41,4,-46,9,4,-58,-82,-68,-58
-34,-43,-9,39,-12,-26,9,0,-48,-78,-68,-68
-43,-34,9,39,-26,-12,9,0,-48,-78,-63,-63
-43,-29,14,36,-29,-7,4,-9,-43,-73,-58,-58
-43,-24,19,34,-31,-2,4,-9,-43,-73,-53,-48
-48,-24,24,36,-36,0,4,-9,-43,-73,-53,-39
-48,-29,19,39,-34,-4,4,-9,-39,-73,-58,-39
-53,-34,19,43,-36,-7,4,-9,-29,-73,-58,-39
-53,-29,24,41,-39,-2,9,-4,-24,-73,-58,-48
-53,-29,24,41,-39,-2,9,-4,-24,-73,-58,-53
-53,-24,29,39,-41,2,4,-4,-19,-63,-53,-53
-58,-19,39,39,-48,9,0,-4,-14,-53,-48,-48
-63,-4,58,34,-61,26,-9,-34,0,-39,-29,-29
-63,24,87,19,-75,56,-19,-68,43,9,4,-4
-58,73,131,-7,-95,102,-68,-122,112,92,58,34
-43,146,190,-51,-117,168,-126,-175,200,224,156,102
-19,248,268,-114,-143,258,-239,-370,268,409,351,268
-19,370,390,-175,-204,380,-366,-692,395,658,629,492
-9,600,610,-295,-309,605,-570,-1122,478,922,976,814
58,854,795,-456,-368,824,-819,-1498,527,1132,1361,1205
107,1127,1019,-617,-456,1073,-1068,-1903,488,1332,1751,1600
136,1483,1346,-810,-605,1415,-1337,-2366,370,1517,2181,2044
63,1717,1654,-890,-795,1686,-1507,-2786,224,1664,2483,2337
-29,1395,1424,-683,-727,1410,-1307,-2713,-131,1551,2322,2156
-58,624,683,-283,-370,653,-951,-2371,-556,1083,1659,1556
-97,-165,-68,131,-14,-117,-512,-1790,-946,429,697,688
-219,-419,-200,319,-9,-309,-302,-1371,-1039,9,-19,-14
-312,-644,-331,478,9,-488,102,-868,-971,-302,-370,-380
-312,-795,-483,553,85,-639,473,-346,-868,-478,-488,-463
-258,-829,-570,544,156,-700,624,24,-688,-488,-473,-468
-209,-858,-649,534,219,-753,619,136,-600,-527,-492,-483
-170,-775,-605,473,217,-690,409,34,-531,-488,-473,-468
-175,-688,-512,431,168,-600,307,-34,-468,-434,-429,-424
-170,-619,-448,395,139,-534,302,-24,-409,-400,-405,-395
-117,-497,-380,307,131,-439,287,39,-297,-322,-341,-341
-39,-346,-307,192,134,-326,224,102,-175,-229,-253,-273
14,-146,-161,65,87,-153,122,156,-39,-92,-126,-151
-14,-53,-39,34,12,-46,102,170,24,-24,-63,-82
-39,-43,-4,41,-17,-24,117,170,43,-24,-63,-82
-24,-58,-34,41,4,-46,117,161,53,-24,-73,-92
-24,-53,-29,39,2,-41,112,161,68,-14,-58,-78
-24,-34,-9,29,-7,-21,92,165,73,0,-53,-68
-24,-19,4,21,-14,-7,87,165,78,0,-43,-63
-24,-14,9,19,-17,-2,87,161,92,4,-43,-63
-19,-4,14,12,-17,4,87,151,102,14,-34,-63
-14,4,19,4,-17,12,82,151,102,24,-29,-58
-9,14,24,-2,-17,19,78,156,107,29,-19,-48
-9,14,24,-2,-17,19,78,156,112,29,-19,-43
-4,14,19,-4,-12,17,78,156,122,39,-14,-43
-4,14,19,-4,-12,17,73,156,122,43,-9,-43
-4,14,19,-4,-12,17,68,156,122,48,-4,-34
-4,14,19,-4,-12,17,68,156,122,53,-4,-29
0,19,19,-9,-9,19,68,156,131,58,0,-24
9,29,19,-19,-4,24,63,161,141,63,4,-24
14,34,19,-24,-2,26,58,161,141,68,4,-29
24,39,14,-31,4,26,58,161,146,73,4,-29
24,39,14,-31,4,26,58,161,146,78,4,-29
29,39,9,-34,9,24,58,165,151,78,9,-29
24,34,9,-29,7,21,58,165,156,78,14,-29
24,24,0,-24,12,12,53,170,156,87,14,-24
29,19,-9,-24,19,4,48,175,161,92,19,-24
29,19,-9,-24,19,4,48,175,161,97,19,-24
29,24,-4,-26,17,9,43,180,165,97,19,-19
39,29,-9,-34,24,9,39,185,165,102,19,-14
53,39,-14,-46,34,12,43,190,170,112,24,-14
68,53,-14,-61,41,19,43,200,175,117,29,-9
73,58,-14,-65,43,21,43,214,180,126,39,0
78,58,-19,-68,48,19,39,219,190,131,39,4
82,53,-29,-68,56,12,39,229,190,131,39,0
82,48,-34,-65,58,7,34,239,195,131,39,0
87,43,-43,-65,65,0,34,244,200,131,39,4
97,39,-58,-68,78,-9,34,253,209,131,39,4
102,39,-63,-70,82,-12,34,273,209,136,43,4
112,39,-73,-75,92,-17,24,287,214,141,43,4
122,43,-78,-82,100,-17,24,297,224,141,43,-4
131,53,-78,-92,104,-12,24,312,234,141,39,-14
146,58,-87,-102,117,-14,24,326,234,141,34,-14
161,58,-102,-109,131,-21,24,346,239,136,29,-24
165,53,-112,-109,139,-29,24,361,244,131,14,-19
175,53,-122,-114,148,-34,29,375,248,126,4,-19
180,53,-126,-117,153,-36,24,390,248,117,-4,-19
185,48,-136,-117,161,-43,24,405,248,102,-9,-24
195,48,-146,-122,170,-48,24,424,244,92,-24,-34
200,39,-161,-119,180,-61,24,439,239,78,-39,-43
209,34,-175,-122,192,-70,24,453,234,53,-48,-43
214,24,-190,-119,202,-82,24,463,224,29,-58,-48
219,24,-195,-122,207,-85,24,473,214,9,-82,-63
229,19,-209,-124,219,-95,29,478,200,-9,-97,-73
229,9,-219,-119,224,-104,24,478,180,-39,-126,-87
234,-4,-239,-114,236,-122,19,473,165,-68,-156,-102
224,-9,-234,-107,229,-122,19,468,156,-87,-170,-112
214,-14,-229,-100,222,-122,19,463,136,-107,-190,-117
200,-14,-214,-92,207,-114,19,453,117,-131,-200,-122
190,-14,-204,-87,197,-109,19,434,107,-146,-204,-126
180,-14,-195,-82,187,-104,24,414,92,-156,-209,-122
161,-14,-175,-73,168,-95,24,390,82,-156,-209,-117
146,-19,-165,-63,156,-92,29,370,73,-161,-214,-117
126,-19,-146,-53,136,-82,29,346,63,-161,-214,-112
107,-19,-126,-43,117,-73,34,317,53,-151,-204,-117
87,-24,-112,-31,100,-68,34,292,48,-141,-195,-117
73,-29,-102,-21,87,-65,39,268,39,-136,-185,-112
58,-29,-87,-14,73,-58,43,239,34,-131,-175,-112
43,-34,-78,-4,61,-56,43,204,24,-117,-161,-102
29,-34,-63,2,46,-48,43,170,19,-102,-146,-97
19,-34,-53,7,36,-43,39,146,9,-92,-122,-78
9,-34,-43,12,26,-39,29,122,0,-82,-112,-68
-4,-34,-29,19,12,-31,24,97,-4,-78,-102,-63
-9,-34,-24,21,7,-29,24,78,-9,-73,-87,-63
-14,-29,-14,21,0,-21,19,68,-9,-58,-82,-53
-14,-29,-14,21,0,-21,19,63,-9,-48,-68,-43
-19,-24,-4,21,-7,-14,19,53,-9,-39,-53,-34
-19,-24,-4,21,-7,-14,14,48,-9,-29,-43,-34
-14,-19,-4,17,-4,-12,14,43,-4,-24,-29,-24
-14,-19,-4,17,-4,-12,9,39,-4,-19,-19,-29
-4,-14,-9,9,2,-12,9,39,4,-19,-9,-19
0,-9,-9,4,4,-9,4,39,9,-9,-9,-19
0,-9,-9,4,4,-9,4,43,14,-9,-4,-14
0,-4,-4,2,2,-4,4,48,14,-9,0,-4
-4,-9,-4,7,0,-7,9,53,14,-4,0,-4
-9,-14,-4,12,-2,-9,14,53,19,0,4,-9
-9,-9,0,9,-4,-4,14,53,19,4,4,-9
-4,-9,-4,7,0,-7,14,58,19,9,9,-4
-9,-4,4,7,-7,0,14,53,14,4,9,0
-14,-4,9,9,-12,2,14,48,14,0,14,0
-19,-9,9,14,-14,0,14,53,14,0,14,-4
-24,-14,9,19,-17,-2,14,53,9,0,14,-9
-24,-14,9,19,-17,-2,14,53,14,4,9,-9
-24,-14,9,19,-17,-2,14,48,19,9,9,-9
-19,-14,4,17,-12,-4,14,48,19,9,9,-4
-14,-9,4,12,-9,-2,14,48,14,4,9,0
-14,-9,4,12,-9,-2,14,53,14,4,4,-4
-9,-9,0,9,-4,-4,9,53,9,-4,0,-9
-9,-9,0,9,-4,-4,9,53,4,-9,0,-14
-14,-9,4,12,-9,-2,14,48,4,-14,-9,-14
-14,-9,4,12,-9,-2,14,48,0,-14,-9,-14
-14,-14,0,14,-7,-7,9,48,0,-14,-9,-14
-14,-19,-4,17,-4,-12,9,43,-4,-19,-14,-19
-14,-24,-9,19,-2,-17,4,39,-9,-14,-14,-19
-19,-24,-4,21,-7,-14,4,34,-9,-19,-14,-24
-19,-24,-4,21,-7,-14,4,24,-14,-24,-19,-24
-19,-24,-4,21,-7,-14,4,24,-19,-29,-24,-24
-19,-29,-9,24,-4,-19,4,19,-19,-39,-24,-24
-19,-29,-9,24,-4,-19,4,14,-19,-39,-24,-29
-14,-24,-9,19,-2,-17,4,14,-19,-43,-29,-29
-14,-24,-9,19,-2,-17,4,19,-24,-53,-29,-29
-19,-24,-4,21,-7,-14,4,19,-29,-53,-39,-29
-19,-29,-9,24,-4,-19,4,14,-34,-53,-39,-34
-24,-39,-14,31,-4,-26,0,9,-34,-63,-39,-34
-29,-39,-9,34,-9,-24,0,4,-43,-68,-43,-34
-29,-39,-9,34,-9,-24,0,0,-43,-68,-43,-39
-29,-39,-9,34,-9,-24,4,0,-43,-68,-48,-43
-29,-34,-4,31,-12,-19,4,0,-43,-68,-48,-43
-29,-34,-4,31,-12,-19,0,0,-43,-68,-48,-43
-29,-39,-9,34,-9,-24,0,0,-48,-68,-48,-48
-34,-39,-4,36,-14,-21,4,0,-43,-63,-43,-48
-34,-39,-4,36,-14,-21,4,0,-39,-58,-39,-43
-34,-39,-4,36,-14,-21,4,0,-39,-63,-39,-39
-29,-39,-9,34,-9,-24,0,-4,-39,-63,-39,-39
-34,-43,-9,39,-12,-26,0,-4,-43,-63,-39,-39
-43,-48,-4,46,-19,-26,0,-4,-48,-63,-39,-39
-48,-53,-4,51,-21,-29,4,-4,-48,-63,-39,-39
-48,-53,-4,51,-21,-29,9,-4,-48,-63,-39,-43
-48,-58,-9,53,-19,-34,9,-4,-43,-63,-43,-43
-48,-63,-14,56,-17,-39,9,-4,-39,-63,-48,-43
-43,-58,-14,51,-14,-36,9,-4,-43,-68,-48,-43
-43,-58,-14,51,-14,-36,9,-4,-43,-68,-48,-43
-43,-58,-14,51,-14,-36,9,-4,-43,-68,-48,-48
-43,-53,-9,48,-17,-31,9,-4,-39,-68,-53,-53
-43,-53,-9,48,-17,-31,9,-4,-39,-68,-53,-53
-43,-53,-9,48,-17,-31,9,-4,-39,-63,-48,-53
-43,-53,-9,48,-17,-31,9,-9,-43,-63,-48,-48
-43,-53,-9,48,-17,-31,9,-9,-43,-63,-53,-43
-43,-53,-9,48,-17,-31,9,-4,-43,-68,-48,-43
-48,-53,-4,51,-21,-29,9,-4,-43,-68,-43,-43
-48,-53,-4,51,-21,-29,9,-4,-43,-68,-43,-43
-43,-48,-4,46,-19,-26,9,0,-43,-63,-43,-43
-43,-48,-4,46,-19,-26,9,0,-48,-63,-48,-43
-43,-53,-9,48,-17,-31,9,0,-48,-63,-48,-48
-43,-53,-9,48,-17,-31,9,0,-48,-63,-48,-48
-43,-58,-14,51,-14,-36,9,0,-48,-63,-53,-48
-43,-58,-14,51,-14,-36,9,-4,-48,-63,-53,-43
-48,-58,-9,53,-19,-34,4,-14,-43,-68,-53,-43
-53,-63,-9,58,-21,-36,4,-14,-43,-68,-53,-48
-53,-63,-9,58,-21,-36,4,-14,-43,-63,-53,-53
-53,-63,-9,58,-21,-36,4,-14,-43,-63,-48,-58
-53,-63,-9,58,-21,-36,4,-14,-43,-68,-48,-58
-53,-53,0,53,-26,-26,4,-9,-43,-68,-48,-53
-48,-43,4,46,-26,-19,4,-9,-43,-68,-43,-48
-48,-53,-4,51,-21,-29,9,-9,-43,-68,-43,-43
-48,-53,-4,51,-21,-29,14,-9,-39,-68,-39,-43
-43,-53,-9,48,-17,-31,14,-9,-39,-68,-39,-43
-43,-53,-9,48,-17,-31,14,-9,-43,-68,-39,-43
-43,-48,-4,46,-19,-26,9,-9,-43,-68,-43,-43
-43,-43,0,43,-21,-21,4,-14,-43,-68,-43,-48
-43,-48,-4,46,-19,-26,9,-14,-43,-68,-48,-53
-43,-48,-4,46,-19,-26,9,-14,-43,-68,-48,-58
-43,-53,-9,48,-17,-31,9,-9,-43,-68,-48,-58
-39,-53,-14,46,-12,-34,9,-9,-43,-68,-48,-58
-39,-53,-14,46,-12,-34,4,-9,-43,-68,-53,-58
-39,-53,-14,46,-12,-34,4,-9,-43,-68,-53,-58
-43,-53,-9,48,-17,-31,4,-4,-39,-68,-53,-58
-48,-53,-4,51,-21,-29,9,-4,-39,-68,-58,-58
-48,-53,-4,51,-21,-29,9,-4,-43,-68,-58,-53
-48,-58,-9,53,-19,-34,9,-9,-48,-68,-58,-48
-48,-58,-9,53,-19,-34,9,-9,-48,-68,-58,-48
-48,-58,-9,53,-19,-34,9,-9,-48,-68,-58,-48
-48,-58,-9,53,-19,-34,9,-9,-48,-68,-58,-48
-48,-58,-9,53,-19,-34,9,-9,-48,-68,-58,-48
-43,-53,-9,48,-17,-31,9,-9,-48,-68,-58,-48
-39,-48,-9,43,-14,-29,9,-9,-48,-68,-58,-48
-39,-48,-9,43,-14,-29,9,-9,-48,-63,-58,-48
-39,-48,-9,43,-14,-29,9,-9,-48,-58,-58,-48
-39,-48,-9,43,-14,-29,9,-9,-48,-58,-53,-43
-39,-48,-9,43,-14,-29,9,-9,-48,-58,-48,-39
-39,-53,-14,46,-12,-34,9,-9,-48,-63,-48,-39
-39,-58,-19,48,-9,-39,9,-9,-48,-68,-48,-39
-39,-58,-19,48,-9,-39,9,-9,-48,-68,-48,-39
-39,-58,-19,48,-9,-39,9,-9,-48,-68,-48,-39
-39,-53,-14,46,-12,-34,9,-9,-48,-68,-48,-39
-39,-48,-9,43,-14,-29,9,-9,-48,-68,-48,-39
-43,-48,-4,46,-19,-26,9,-9,-48,-68,-53,-53
-48,-48,0,48,-24,-24,9,-9,-48,-68,-58,-68
-48,-48,0,48,-24,-24,9,-9,-48,-68,-58,-58
-48,-48,0,48,-24,-24,9,-9,-48,-68,-58,-48
-48,-48,0,48,-24,-24,9,-9,-48,-68,-53,-43
-48,-48,0,48,-24,-24,9,-9,-48,-68,-48,-39
-43,-48,-4,46,-19,-26,9,-4,-48,-68,-48,-39
-39,-48,-9,43,-14,-29,9,0,-48,-68,-48,-39
-39,-48,-9,43,-14,-29,9,0,-48,-68,-48,-39
-39,-48,-9,43,-14,-29,9,0,-48,-68,-48,-39
-43,-48,-4,46,-19,-26,9,0,-48,-68,-53,-39
-48,-48,0,48,-24,-24,9,0,-48,-68,-58,-39
-48,-48,0,48,-24,-24,9,0,-48,-68,-58,-39
-48,-48,0,48,-24,-24,9,0,-43,-68,-58,-39
-53,-53,0,53,-26,-26,9,0,-43,-68,-58,-39
-58,-53,4,56,-31,-24,9,0,-43,-68,-58,-39
-58,-48,9,53,-34,-19,9,0,-43,-68,-58,-43
-58,-48,9,53,-34,-19,4,0,-43,-68,-58,-48
-53,-58,-4,56,-24,-31,4,0,-43,-63,-53,-48
-48,-68,-19,58,-14,-43,14,9,-48,-68,-58,-53
-48,-102,-53,75,2,-78,24,19,-53,-73,-68,-58
-43,-126,-82,85,19,-104,43,39,-63,-78,-73,-63
-39,-151,-112,95,36,-131,78,58,-63,-87,-78,-73
-34,-165,-131,100,48,-148,107,73,-73,-92,-82,-78
-24,-180,-156,102,65,-168,107,82,-87,-107,-92,-87
-9,-190,-180,100,85,-185,102,87,-107,-117,-107,-97
-4,-200,-195,102,95,-197,92,87,-136,-136,-112,-107
0,-200,-200,100,100,-200,82,87,-141,-141,-122,-107
4,-195,-200,95,102,-197,73,87,-141,-141,-112,-97
4,-195,-200,95,102,-197,87,87,-136,-141,-112,-97
4,-200,-204,97,104,-202,122,92,-141,-141,-126,-112
9,-204,-214,97,112,-209,131,92,-146,-141,-131,-117
9,-180,-190,85,100,-185,151,87,-146,-151,-122,-112
9,-146,-156,68,82,-151,146,78,-131,-141,-102,-82
19,-107,-126,43,73,-117,68,53,-107,-112,-82,-63
29,-68,-97,19,63,-82,-9,24,-87,-82,-58,-43
39,-58,-97,9,68,-78,-24,14,-82,-78,-53,-29
29,-58,-87,14,58,-73,-34,0,-82,-73,-53,-19
24,-43,-68,9,46,-56,-29,0,-82,-73,-53,-29
14,-34,-48,9,31,-41,-19,0,-78,-73,-58,-39
14,-39,-53,12,34,-46,-14,9,-78,-82,-68,-53
4,-48,-53,21,29,-51,-9,9,-78,-87,-68,-58
-14,-48,-34,31,9,-41,4,9,-63,-82,-68,-53
-24,-34,-9,29,-7,-21,9,9,-48,-78,-68,-48
-39,-29,9,34,-24,-9,9,9,-43,-73,-63,-43
-43,-29,14,36,-29,-7,4,0,-34,-63,-58,-39
-43,-24,19,34,-31,-2,0,0,-39,-63,-53,-39
-48,-24,24,36,-36,0,-4,0,-43,-63,-53,-39
-48,-24,24,36,-36,0,-4,-4,-43,-63,-53,-39
-53,-24,29,39,-41,2,-4,-9,-39,-63,-48,-39
-58,-19,39,39,-48,9,0,-4,-34,-68,-48,-43
-63,-19,43,41,-53,12,0,-4,-34,-73,-48,-43
-63,-19,43,41,-53,12,0,0,-34,-68,-53,-43
-68,-19,48,43,-58,14,0,4,-34,-63,-58,-39
-68,-4,63,36,-65,29,-4,-14,-29,-58,-48,-34
-63,24,87,19,-75,56,-9,-39,4,-19,-24,-24
-58,63,122,-2,-90,92,-34,-63,63,9,-19,-19
-43,126,170,-41,-107,148,-68,-87,141,87,29,14
-19,195,214,-87,-117,204,-161,-190,200,258,175,126
-19,283,302,-131,-161,292,-268,-419,317,492,405,297
-34,488,522,-226,-278,505,-414,-844,488,780,712,575
9,717,707,-363,-348,712,-605,-1215,624,1015,1058,922
112,946,834,-529,-361,890,-883,-1590,668,1215,1415,1283
195,1259,1063,-727,-434,1161,-1180,-2025,634,1400,1810,1693
122,1883,1761,-1002,-819,1822,-1571,-2810,536,1727,2444,2318
29,1952,1922,-990,-946,1937,-1590,-3103,229,1795,2615,2469
19,1049,1029,-534,-505,1039,-1215,-2786,-326,1346,2074,1981
0,126,126,-63,-63,126,-756,-2230,-849,712,1234,1224
-165,-224,-58,195,-53,-141,-580,-1844,-1049,200,292,307
-302,-546,-244,424,-29,-395,-209,-1376,-1088,-204,-283,-273
-341,-732,-390,536,24,-561,292,-707,-976,-439,-453,-409
-326,-800,-473,563,73,-636,575,-190,-785,-507,-492,-468
-229,-839,-610,534,190,-724,629,34,-678,-556,-517,-488
-141,-766,-624,453,241,-695,478,43,-590,-527,-502,-478
-170,-697,-527,434,178,-612,326,-63,-536,-473,-463,-439
-190,-649,-458,419,134,-553,273,-92,-488,-439,-444,-414
-136,-566,-429,351,146,-497,287,-14,-390,-390,-405,-390
-58,-453,-395,256,168,-424,253,63,-283,-326,-341,-351
4,-195,-200,95,102,-197,136,131,-107,-151,-180,-200
-14,-43,-29,29,7,-36,102,161,-4,-43,-82,-102
-39,-24,14,31,-26,-4,122,170,14,-43,-78,-97
-24,-29,-4,26,-9,-17,126,170,24,-43,-82,-102
-24,-19,4,21,-14,-7,126,165,39,-34,-68,-82
-24,4,29,9,-26,17,112,165,43,-19,-63,-68
-24,14,39,4,-31,26,107,165,48,-19,-53,-63
-24,14,39,4,-31,26,107,161,63,-14,-53,-63
-19,24,43,-2,-31,34,102,151,73,-4,-43,-58
-14,34,48,-9,-31,41,92,151,73,4,-39,-48
-9,43,53,-17,-31,48,87,156,78,9,-29,-39
-9,43,53,-17,-31,48,87,156,82,9,-29,-34
-4,43,48,-19,-26,46,87,151,92,19,-29,-39
-4,43,48,-19,-26,46,82,146,92,24,-29,-43
-4,43,48,-19,-26,46,73,146,92,29,-24,-39
-4,43,48,-19,-26,46,68,146,92,34,-24,-39
0,43,43,-21,-21,43,68,146,97,39,-19,-34
9,48,39,-29,-14,43,63,151,102,43,-14,-34
9,53,43,-31,-17,48,58,151,107,48,-9,-34
14,58,43,-36,-14,51,58,151,117,53,-4,-29
14,58,43,-36,-14,51,58,151,117,58,-4,-24
19,58,39,-39,-9,48,58,156,122,58,0,-19
19,58,39,-39,-9,48,63,156,126,58,0,-19
24,53,29,-39,-2,41,63,161,126,68,-4,-14
29,48,19,-39,4,34,58,165,131,78,0,-14
29,48,19,-39,4,34,58,165,131,87,0,-14
29,48,19,-39,4,34,48,175,136,87,0,-9
39,48,9,-43,14,29,39,185,136,92,0,-4
48,53,4,-51,21,29,39,190,141,102,4,-4
58,63,4,-61,26,34,34,200,146,107,9,0
58,68,9,-63,24,39,34,209,151,117,24,4
58,68,9,-63,24,39,29,209,161,122,29,4
63,63,0,-63,31,31,29,219,161,122,29,0
63,58,-4,-61,34,26,24,229,165,122,29,0
73,58,-14,-65,43,21,24,234,170,122,29,4
87,58,-29,-73,58,14,24,244,180,122,29,4
92,58,-34,-75,63,12,24,258,180,122,29,0
102,58,-43,-80,73,7,14,268,185,122,24,-4
112,58,-53,-85,82,2,14,278,195,122,24,-4
122,63,-58,-92,90,2,14,292,204,122,19,-4
131,68,-63,-100,97,2,14,302,209,126,14,-4
141,68,-73,-104,107,-2,14,317,219,126,9,-14
146,68,-78,-107,112,-4,9,331,224,131,4,-14
156,73,-82,-114,119,-4,9,346,229,136,4,-19
170,78,-92,-124,131,-7,4,366,239,131,0,-19
185,78,-107,-131,146,-14,4,385,248,122,0,-24
195,82,-112,-139,153,-14,0,400,248,117,-14,-34
200,78,-122,-139,161,-21,-4,409,248,107,-29,-43
204,73,-131,-139,168,-29,-4,424,248,82,-43,-48
204,63,-141,-134,173,-39,-4,434,244,58,-58,-58
204,53,-151,-129,178,-48,-4,444,234,39,-82,-68
209,39,-170,-124,190,-65,0,448,219,19,-97,-73
209,39,-170,-124,190,-65,0,453,209,0,-117,-82
214,34,-180,-124,197,-73,0,453,204,-19,-136,-92
219,29,-190,-124,204,-80,0,453,195,-43,-151,-102
224,24,-200,-124,212,-87,0,453,175,-68,-170,-107
214,24,-190,-119,202,-82,-4,453,161,-92,-185,-122
209,24,-185,-117,197,-80,-9,444,156,-107,-195,-136
200,19,-180,-109,190,-80,-4,429,141,-131,-209,-136
180,14,-165,-97,173,-75,-4,409,131,-146,-219,-136
170,9,-161,-90,165,-75,4,395,117,-151,-224,-131
156,9,-146,-82,151,-68,9,375,102,-151,-224,-122
136,9,-126,-73,131,-58,14,341,87,-151,-214,-122
117,4,-112,-61,114,-53,14,312,78,-151,-204,-117
92,-4,-97,-43,95,-51,19,287,63,-146,-200,-117
68,-9,-78,-29,73,-43,24,258,53,-141,-195,-122
53,-14,-68,-19,61,-41,24,229,43,-131,-185,-112
39,-14,-53,-12,46,-34,24,200,39,-122,-175,-107
29,-14,-43,-7,36,-29,29,175,34,-107,-151,-92
19,-14,-34,-2,26,-24,29,151,29,-92,-141,-87
0,-19,-19,9,9,-19,24,122,24,-82,-126,-78
-9,-24,-14,17,2,-19,24,97,19,-73,-107,-73
-19,-24,-4,21,-7,-14,19,82,9,-58,-97,-58
-24,-29,-4,26,-9,-17,19,73,0,-48,-78,-43
-29,-24,4,26,-17,-9,19,63,-4,-43,-68,-39
-29,-24,4,26,-17,-9,14,58,-9,-39,-63,-43
-24,-19,4,21,-14,-7,14,53,-4,-29,-48,-29
-24,-19,4,21,-14,-7,9,48,-4,-19,-39,-29
-19,-14,4,17,-12,-4,14,48,4,-19,-29,-14
-19,-9,9,14,-14,0,14,48,9,-9,-29,-9
-19,-9,9,14,-14,0,14,48,14,-9,-24,-9
-19,-4,14,12,-17,4,14,48,14,-9,-19,-4
-19,-4,14,12,-17,4,14,53,14,-4,-14,-4
-19,-4,14,12,-17,4,14,53,19,0,-4,-9
-19,0,19,9,-19,9,14,53,24,4,-4,-9
-14,0,14,7,-14,7,14,58,29,9,0,-4
-14,4,19,4,-17,12,14,53,29,9,0,0
-14,4,19,4,-17,12,14,48,34,9,4,0
-14,4,19,4,-17,12,14,53,34,9,4,0
-14,4,19,4,-17,12,14,53,29,9,4,0
-14,4,19,4,-17,12,14,53,29,14,4,4
-14,4,19,4,-17,12,14,48,29,19,9,9
-14,0,14,7,-14,7,14,53,29,19,9,9
-14,0,14,7,-14,7,14,58,24,14,9,9
-19,0,19,9,-19,9,14,58,24,14,0,0
-19,0,19,9,-19,9,9,53,19,4,-9,-9
-19,0,19,9,-19,9,4,53,9,0,-9,-14
-24,0,24,12,-24,12,4,48,4,-4,-19,-14
-24,4,29,9,-26,17,9,43,0,-4,-19,-14
-24,4,29,9,-26,17,9,39,0,-4,-19,-14
-24,4,29,9,-26,17,14,34,0,-14,-24,-19
-24,4,29,9,-26,17,14,29,0,-14,-24,-19
-29,4,34,12,-31,19,14,29,0,-19,-24,-24
-29,4,34,12,-31,19,14,24,-4,-24,-29,-24
-24,4,29,9,-26,17,14,24,-14,-24,-39,-29
-19,0,19,9,-19,9,14,19,-19,-29,-43,-34
-19,-4,14,12,-17,4,14,14,-19,-29,-43,-39
-14,-4,9,9,-12,2,14,14,-19,-34,-48,-39
-19,-4,14,12,-17,4,14,14,-19,-43,-39,-34
-29,-4,24,17,-26,9,14,9,-19,-43,-39,-29
-29,-9,19,19,-24,4,14,4,-24,-43,-39,-34
-34,-19,14,26,-24,-2,9,0,-24,-53,-39,-34
-39,-24,14,31,-26,-4,9,0,-34,-63,-48,-39
-39,-29,9,34,-24,-9,9,0,-34,-68,-53,-48
-39,-29,9,34,-24,-9,14,0,-34,-68,-58,-53
-39,-24,14,31,-26,-4,14,0,-34,-68,-58,-53
-39,-24,14,31,-26,-4,4,-4,-34,-68,-63,-53
-39,-29,9,34,-24,-9,0,-9,-39,-68,-68,-58
-43,-34,9,39,-26,-12,4,-9,-39,-68,-68,-58
-43,-39,4,41,-24,-17,4,-9,-39,-68,-68,-53
-43,-39,4,41,-24,-17,9,-9,-39,-73,-63,-48
-39,-39,0,39,-19,-19,9,-14,-39,-73,-58,-48
-34,-39,-4,36,-14,-21,9,-14,-39,-73,-58,-48
-34,-39,-4,36,-14,-21,9,-14,-39,-73,-58,-48
-39,-43,-4,41,-17,-24,9,-14,-39,-68,-58,-48
-39,-43,-4,41,-17,-24,9,-14,-39,-63,-58,-53
-43,-43,0,43,-21,-21,9,-14,-39,-63,-58,-53
-48,-43,4,46,-26,-19,9,-14,-39,-63,-58,-53
-43,-39,4,41,-24,-17,9,-14,-43,-73,-68,-53
-43,-39,4,41,-24,-17,9,-14,-43,-78,-78,-53
-48,-43,4,46,-26,-19,9,-14,-43,-78,-68,-48
-53,-43,9,48,-31,-17,9,-14,-39,-78,-63,-43
-53,-43,9,48,-31,-17,9,-14,-39,-78,-58,-43
-53,-43,9,48,-31,-17,9,-14,-39,-73,-48,-43
-53,-43,9,48,-31,-17,9,-19,-43,-73,-48,-43
-53,-43,9,48,-31,-17,9,-19,-43,-73,-53,-43
-43,-43,0,43,-21,-21,9,-14,-43,-78,-53,-43
-39,-43,-4,41,-17,-24,9,-14,-43,-78,-53,-43
-39,-43,-4,41,-17,-24,9,-19,-43,-78,-53,-43
-34,-39,-4,36,-14,-21,9,-19,-43,-73,-53,-43
-43,-39,4,41,-24,-17,9,-19,-43,-73,-58,-48
-53,-43,9,48,-31,-17,9,-19,-39,-73,-58,-58
-53,-43,9,48,-31,-17,9,-19,-39,-73,-58,-58
-53,-48,4,51,-29,-21,9,-19,-39,-73,-63,-58
-48,-43,4,46,-26,-19,9,-19,-43,-73,-63,-48
-48,-39,9,43,-29,-14,4,-24,-43,-78,-63,-43
-53,-43,9,48,-31,-17,4,-19,-43,-78,-63,-43
-53,-43,9,48,-31,-17,4,-14,-43,-73,-63,-43
-53,-43,9,48,-31,-17,4,-14,-43,-73,-63,-48
-53,-43,9,48,-31,-17,4,-14,-43,-78,-68,-48
-53,-43,9,48,-31,-17,4,-14,-43,-73,-68,-48
-48,-43,4,46,-26,-19,4,-19,-43,-68,-63,-48
-48,-43,4,46,-26,-19,4,-19,-43,-68,-63,-43
-48,-34,14,41,-31,-9,4,-19,-39,-68,-58,-43
-43,-34,9,39,-26,-12,4,-14,-39,-73,-58,-48
-43,-34,9,39,-26,-12,4,-9,-43,-78,-58,-53
-43,-39,4,41,-24,-17,0,-9,-43,-78,-63,-53
-43,-43,0,43,-21,-21,-4,-14,-43,-78,-63,-58
-43,-48,-4,46,-19,-26,0,-19,-43,-78,-68,-53
-43,-48,-4,46,-19,-26,0,-24,-43,-78,-68,-48
-48,-53,-4,51,-21,-29,4,-19,-43,-78,-68,-48
-48,-53,-4,51,-21,-29,9,-19,-43,-78,-68,-48
-48,-48,0,48,-24,-24,4,-19,-43,-78,-68,-48
-48,-43,4,46,-26,-19,4,-19,-43,-78,-63,-48
-48,-39,9,43,-29,-14,4,-14,-39,-78,-63,-48
-48,-34,14,41,-31,-9,9,-14,-39,-78,-68,-48
-48,-34,14,41,-31,-9,9,-14,-39,-78,-68,-48
-48,-39,9,43,-29,-14,9,-19,-39,-78,-68,-48
-48,-43,4,46,-26,-19,9,-19,-39,-78,-68,-53
-48,-48,0,48,-24,-24,9,-19,-39,-78,-68,-58
-48,-48,0,48,-24,-24,9,-19,-39,-78,-68,-58
-48,-48,0,48,-24,-24,9,-19,-39,-78,-68,-58
-48,-43,4,46,-26,-19,9,-19,-39,-78,-68,-53
-48,-39,9,43,-29,-14,4,-19,-39,-78,-68,-48
-48,-39,9,43,-29,-14,4,-19,-39,-78,-68,-48
-48,-34,14,41,-31,-9,0,-19,-43,-78,-68,-48
-48,-34,14,41,-31,-9,4,-14,-43,-78,-63,-48
-48,-39,9,43,-29,-14,4,-9,-43,-78,-58,-48
-48,-63,-14,56,-17,-39,9,-9,-43,-78,-58,-48
-48,-87,-39,68,-4,-63,24,0,-48,-87,-68,-53
-48,-122,-73,85,12,-97,34,9,-58,-92,-82,-63
-43,-146,-102,95,29,-124,53,29,-73,-97,-92,-73
-39,-170,-131,104,46,-151,78,48,-78,-107,-97,-82
-34,-185,-151,109,58,-168,97,63,-92,-112,-102,-87
-24,-200,-175,112,75,-187,97,73,-107,-126,-112,-97
-9,-209,-200,109,95,-204,92,78,-126,-136,-126,-107
0,-204,-204,102,102,-204,87,78,-146,-151,-131,-117
9,-190,-200,90,104,-195,82,78,-141,-151,-141,-117
14,-195,-209,90,112,-202,82,78,-141,-151,-131,-112
14,-204,-219,95,117,-212,107,78,-136,-151,-131,-117
9,-204,-214,97,112,-209,131,78,-136,-151,-141,-126
9,-204,-214,97,112,-209,131,73,-136,-151,-141,-126
9,-175,-185,82,97,-180,131,68,-136,-151,-126,-117
9,-136,-146,63,78,-141,107,58,-122,-131,-102,-82
19,-97,-117,39,68,-107,39,34,-97,-112,-82,-53
29,-58,-87,14,58,-73,-29,4,-78,-92,-58,-24
39,-48,-87,4,63,-68,-34,-4,-73,-92,-53,-34
29,-48,-78,9,53,-63,-34,-19,-73,-92,-53,-48
19,-48,-68,14,43,-58,-24,-14,-73,-92,-53,-48
4,-53,-58,24,31,-56,-9,-9,-68,-92,-58,-48
0,-58,-58,29,29,-58,-4,0,-63,-97,-68,-63
-14,-68,-53,41,19,-61,0,0,-58,-97,-68,-68
-34,-63,-29,48,-2,-46,9,0,-48,-92,-68,-68
-43,-43,0,43,-21,-21,9,0,-39,-87,-68,-68
-53,-34,19,43,-36,-7,9,0,-34,-82,-63,-58
-53,-29,24,41,-39,-2,4,-9,-24,-73,-58,-48
-53,-29,24,41,-39,-2,4,-9,-24,-73,-53,-43
-58,-34,24,46,-41,-4,4,-9,-24,-73,-53,-39
-58,-34,24,46,-41,-4,4,-9,-24,-73,-53,-39
-63,-34,29,48,-46,-2,4,-9,-19,-73,-48,-39
-58,-19,39,39,-48,9,4,-4,-14,-73,-48,-48
-53,-9,43,31,-48,17,0,-4,-14,-73,-48,-53
-53,-9,43,31,-48,17,0,-4,-19,-68,-53,-53
-58,-9,48,34,-53,19,0,-4,-24,-63,-58,-48
-63,-9,53,36,-58,21,0,-19,-19,-63,-53,-43
-63,4,68,29,-65,36,0,-39,14,-29,-34,-34
-53,24,78,14,-65,51,-9,-39,63,4,-29,-34
-34,68,102,-17,-68,85,-29,-39,131,87,19,-4
-9,112,122,-51,-65,117,-122,-131,175,239,165,102
-9,175,185,-82,-97,180,-229,-351,278,453,395,268
-19,361,380,-170,-200,370,-390,-746,375,707,692,546
29,570,541,-300,-256,556,-595,-1088,439,907,1029,893
117,824,707,-470,-295,766,-844,-1415,512,1156,1449,1298
185,1161,976,-673,-395,1068,-1112,-1800,507,1390,1908,1751
117,1790,1673,-954,-778,1732,-1488,-2488,541,1790,2547,2347
29,1864,1834,-946,-902,1849,-1493,-2684,366,1932,2723,2469
-4,1019,1024,-507,-514,1022,-1078,-2396,-141,1493,2142,1956
-48,156,204,-53,-126,180,-580,-1869,-614,868,1263,1176
-190,-136,53,163,-122,-41,-473,-1537,-819,385,351,292
-302,-400,-97,351,-102,-248,-170,-1122,-863,9,-195,-253
-317,-629,-312,473,-2,-470,351,-483,-819,-263,-356,-380
-278,-741,-463,509,92,-602,653,4,-697,-370,-385,-429
-190,-829,-639,509,224,-734,717,224,-634,-497,-463,-483
-112,-805,-692,458,290,-749,575,229,-590,-546,-502,-507
-151,-741,-590,446,219,-666,409,73,-541,-492,-468,-468
-180,-697,-517,439,168,-607,341,-4,-497,-458,-453,-444
-146,-639,-492,392,173,-566,356,29,-414,-419,-434,-429
-87,-551,-463,319,187,-507,322,63,-322,-366,-390,-400
-4,-258,-253,131,124,-256,170,136,-117,-165,-200,-224
-4,-73,-68,39,31,-70,102,170,14,-34,-73,-102
-29,-48,-19,39,-4,-34,117,170,34,-34,-68,-102
-14,-48,-34,31,9,-41,117,161,43,-34,-73,-112
-14,-39,-24,26,4,-31,117,151,58,-24,-58,-92
-14,-14,0,14,-7,-7,102,146,63,-9,-53,-78
-14,0,14,7,-14,7,97,146,73,-9,-43,-73
-14,4,19,4,-17,12,97,141,92,-4,-43,-73
-9,14,24,-2,-17,19,92,131,102,4,-34,-68
-4,24,29,-9,-17,26,82,131,102,14,-29,-58
-9,29,39,-9,-24,34,73,136,102,19,-19,-48
-19,24,43,-2,-31,34,68,136,102,19,-19,-43
-14,24,39,-4,-26,31,68,131,112,29,-19,-43
-14,24,39,-4,-26,31,63,126,112,34,-19,-43
-9,29,39,-9,-24,34,58,126,112,39,-14,-39
-4,34,39,-14,-21,36,58,126,112,43,-14,-39
0,34,34,-17,-17,34,63,131,117,48,-9,-34
9,39,29,-24,-9,34,63,141,122,53,-4,-34
4,39,34,-21,-14,36,58,141,122,58,0,-34
4,39,34,-21,-14,36,58,141,126,63,4,-29
4,39,34,-21,-14,36,58,141,126,68,4,-24
9,39,29,-24,-9,34,58,146,131,68,9,-19
9,43,34,-26,-12,39,58,146,136,68,14,-19
14,43,29,-29,-7,36,53,151,136,78,14,-14
19,34,14,-26,2,24,43,156,141,82,19,-19
19,29,9,-24,4,19,39,156,141,87,19,-24
19,29,9,-24,4,19,34,156,146,87,14,-19
29,29,0,-29,14,14,29,156,146,92,9,-14
39,34,-4,-36,21,14,29,151,151,102,14,-14
48,43,-4,-46,26,19,24,151,156,107,19,-9
53,53,0,-53,26,26,24,170,156,117,34,4
58,58,0,-58,29,29,19,180,161,122,39,14
68,58,-9,-63,39,24,19,190,161,122,39,-4
73,58,-14,-65,43,21,14,200,165,122,39,-19
78,58,-19,-68,48,19,14,204,170,122,29,-14
87,58,-29,-73,58,14,14,214,180,122,19,-14
92,58,-34,-75,63,12,14,229,180,126,34,0
102,58,-43,-80,73,7,4,239,185,131,43,14
112,58,-53,-85,82,2,4,244,195,131,43,14
122,63,-58,-92,90,2,4,253,204,131,39,14
126,68,-58,-97,92,4,9,258,195,126,34,9
131,68,-63,-100,97,2,14,268,190,117,29,-4
136,58,-78,-97,107,-9,9,283,195,112,19,-4
146,53,-92,-100,119,-19,9,297,200,107,14,-9
156,53,-102,-104,129,-24,4,312,195,92,4,-9
165,48,-117,-107,141,-34,4,326,190,73,0,-14
175,48,-126,-112,151,-39,4,341,185,63,-14,-24
180,39,-141,-109,161,-51,4,351,180,48,-29,-34
190,39,-151,-114,170,-56,9,366,175,19,-43,-39
195,34,-161,-114,178,-63,14,375,165,-9,-58,-48
200,34,-165,-117,183,-65,14,385,151,-39,-82,-63
209,29,-180,-119,195,-75,19,390,131,-68,-97,-73
204,19,-185,-112,195,-82,19,395,107,-97,-126,-78
204,4,-200,-104,202,-97,19,395,87,-126,-156,-82
204,-4,-209,-100,207,-107,19,395,73,-151,-170,-92
204,-14,-219,-95,212,-117,19,395,48,-175,-190,-97
190,-14,-204,-87,197,-109,19,390,34,-200,-204,-107
180,-14,-195,-82,187,-104,19,375,29,-214,-214,-117
170,-14,-185,-78,178,-100,24,366,24,-229,-224,-126
151,-14,-165,-68,158,-90,24,351,24,-234,-229,-136
141,-14,-156,-63,148,-85,29,336,14,-234,-234,-136
126,-9,-136,-58,131,-73,29,317,4,-229,-234,-131
112,-9,-122,-51,117,-65,34,292,4,-214,-224,-126
97,-14,-112,-41,104,-63,34,273,9,-200,-214,-117
78,-24,-102,-26,90,-63,39,248,4,-185,-200,-112
58,-29,-87,-14,73,-58,43,219,4,-170,-185,-112
43,-34,-78,-4,61,-56,43,190,0,-151,-170,-102
29,-34,-63,2,46,-48,43,161,0,-131,-156,-97
19,-29,-48,4,34,-39,43,136,4,-112,-126,-78
9,-24,-34,7,21,-29,39,112,9,-92,-112,-68
-4,-24,-19,14,7,-21,34,92,9,-82,-102,-63
-9,-24,-14,17,2,-19,34,78,9,-73,-87,-63
-9,-19,-9,14,0,-14,24,63,9,-53,-78,-58
-4,-19,-14,12,4,-17,19,53,9,-39,-58,-53
-9,-9,0,9,-4,-4,19,43,14,-29,-43,-34
-9,-4,4,7,-7,0,14,39,19,-19,-34,-24
-4,0,4,2,-4,2,19,39,24,-4,-19,-9
-4,0,4,2,-4,2,19,39,24,9,-9,-9
-4,0,4,2,-4,2,19,39,29,9,0,0
-9,0,9,4,-9,4,14,39,29,19,0,0
-14,-4,9,9,-12,2,9,34,34,19,4,9
-19,-4,14,12,-17,4,4,29,34,19,9,24
-19,-4,14,12,-17,4,4,34,29,19,4,0
-19,-4,14,12,-17,4,4,34,29,19,4,-29
-19,0,19,9,-19,9,4,34,29,24,4,-29
-14,0,14,7,-14,7,4,39,29,29,9,-24
-9,4,14,2,-12,9,4,43,34,34,14,-4
-4,4,9,0,-7,7,4,48,43,39,24,9
-4,4,9,0,-7,7,4,53,43,39,24,0
-4,4,9,0,-7,7,4,53,39,39,24,-9
-4,4,9,0,-7,7,4,53,34,34,19,-9
-4,4,9,0,-7,7,4,48,29,29,19,-9
-4,0,4,2,-4,2,4,48,29,29,19,-9
-4,0,4,2,-4,2,4,48,24,24,19,-9
-4,0,4,2,-4,2,4,48,24,24,14,-9
0,0,0,0,0,0,0,43,19,14,9,-9
0,-4,-4,2,2,-4,-4,43,14,9,9,-14
-4,-9,-4,7,0,-7,-4,39,14,4,0,-14
-4,-4,0,4,-2,-2,0,39,9,4,0,-14
-4,-4,0,4,-2,-2,0,39,9,4,0,-14
-9,-9,0,9,-4,-4,0,34,4,-4,-9,-19
-14,-14,0,14,-7,-7,-4,29,0,-4,-14,-19
-19,-14,4,17,-12,-4,0,29,0,-9,-14,-24
-19,-14,4,17,-12,-4,4,24,-4,-14,-19,-24
-19,-14,4,17,-12,-4,4,24,-4,-14,-14,-19
-19,-19,0,19,-9,-9,4,19,0,-19,-4,-14
-19,-19,0,19,-9,-9,4,14,4,-19,-4,-19
-14,-14,0,14,-7,-7,4,14,9,-24,-9,-19
-14,-14,0,14,-7,-7,4,14,4,-34,-9,-24
-19,-14,4,17,-12,-4,4,9,0,-34,-19,-29
-19,-14,4,17,-12,-4,4,4,-9,-34,-29,-39
-24,-19,4,21,-14,-7,0,0,-14,-43,-39,-43
-29,-19,9,24,-19,-4,0,0,-24,-48,-43,-43
-29,-19,9,24,-19,-4,0,0,-24,-48,-43,-48
-29,-29,0,29,-14,-14,4,-4,-24,-48,-43,-48
-29,-34,-4,31,-12,-19,4,-9,-24,-48,-39,-43
-29,-24,4,26,-17,-9,0,-14,-24,-48,-39,-43
-29,-19,9,24,-19,-4,0,-19,-29,-48,-39,-48
-34,-24,9,29,-21,-7,4,-14,-29,-48,-39,-48
-34,-29,4,31,-19,-12,4,-9,-29,-48,-39,-43
-34,-29,4,31,-19,-12,4,-9,-29,-48,-39,-39
-29,-29,0,29,-14,-14,0,-14,-29,-43,-39,-39
-29,-29,0,29,-14,-14,4,-14,-29,-43,-39,-34
-34,-29,4,31,-19,-12,9,-14,-29,-43,-39,-29
-39,-34,4,36,-21,-14,9,-14,-29,-43,-39,-29
-39,-34,4,36,-21,-14,9,-14,-29,-43,-39,-34
-43,-34,9,39,-26,-12,4,-14,-29,-43,-39,-39
-48,-34,14,41,-31,-9,0,-14,-29,-43,-39,-43
-43,-29,14,36,-29,-7,0,-14,-34,-53,-39,-43
-43,-29,14,36,-29,-7,0,-14,-34,-58,-39,-43
-39,-29,9,34,-24,-9,0,-14,-34,-58,-39,-43
-34,-24,9,29,-21,-7,0,-14,-29,-58,-43,-43
-34,-24,9,29,-21,-7,0,-14,-29,-58,-43,-43
-34,-24,9,29,-21,-7,0,-14,-29,-53,-39,-43
-34,-24,9,29,-21,-7,0,-24,-34,-53,-39,-43
-34,-24,9,29,-21,-7,0,-29,-34,-53,-43,-43
-34,-24,9,29,-21,-7,0,-24,-34,-58,-43,-43
-39,-24,14,31,-26,-4,0,-24,-34,-58,-43,-43
-39,-24,14,31,-26,-4,-4,-24,-34,-58,-43,-43
-34,-19,14,26,-24,-2,-9,-19,-34,-53,-43,-43
-34,-9,24,21,-29,7,-9,-19,-39,-58,-43,-43
-34,-4,29,19,-31,12,-9,-19,-39,-63,-39,-48
-34,-4,29,19,-31,12,-9,-19,-39,-63,-43,-53
-34,-9,24,21,-29,7,-9,-19,-39,-63,-53,-58
-34,-9,24,21,-29,7,-9,-24,-43,-63,-53,-53
-39,-9,29,24,-34,9,-14,-34,-43,-68,-53,-53
-43,-14,29,29,-36,7,-9,-34,-43,-68,-53,-48
-43,-14,29,29,-36,7,-4,-34,-43,-63,-53,-43
-43,-14,29,29,-36,7,-4,-34,-43,-58,-53,-48
-43,-14,29,29,-36,7,-4,-34,-43,-58,-58,-48
-43,-19,24,31,-34,2,-4,-29,-43,-58,-58,-48
-39,-24,14,31,-26,-4,-4,-29,-43,-58,-53,-48
-39,-24,14,31,-26,-4,-9,-29,-43,-58,-53,-43
-39,-14,24,26,-31,4,-14,-29,-39,-58,-48,-43
-34,-14,19,24,-26,2,-14,-29,-34,-58,-43,-43
-34,-14,19,24,-26,2,-14,-29,-34,-58,-39,-43
-34,-9,24,21,-29,7,-14,-29,-34,-63,-43,-43
-34,-4,29,19,-31,12,-14,-34,-34,-68,-43,-48
-34,-9,24,21,-29,7,-9,-34,-34,-68,-48,-53
-34,-9,24,21,-29,7,-9,-34,-34,-68,-48,-58
-39,-14,24,26,-31,4,-4,-29,-34,-63,-53,-58
-39,-14,24,26,-31,4,0,-29,-34,-58,-58,-58
-39,-14,24,26,-31,4,-4,-29,-34,-58,-58,-48
-39,-14,24,26,-31,4,-4,-29,-34,-58,-53,-39
-39,-14,24,26,-31,4,-4,-24,-34,-63,-48,-39
-39,-14,24,26,-31,4,-9,-24,-39,-68,-48,-39
-43,-14,29,29,-36,7,-9,-19,-39,-68,-48,-39
-48,-19,29,34,-39,4,-9,-19,-39,-68,-48,-39
-48,-19,29,34,-39,4,-9,-19,-39,-63,-53,-43
-48,-19,29,34,-39,4,-9,-19,-39,-58,-58,-48
-39,-14,24,26,-31,4,-9,-19,-39,-58,-58,-48
-29,-9,19,19,-24,4,-9,-19,-39,-58,-58,-48
-29,-9,19,19,-24,4,-9,-19,-39,-58,-53,-48
-29,-9,19,19,-24,4,-9,-19,-39,-58,-48,-48
-34,-9,24,21,-29,7,-4,-19,-34,-58,-48,-48
-39,-9,29,24,-34,9,0,-19,-29,-58,-48,-48
-39,-9,29,24,-34,9,0,-19,-29,-58,-48,-48
-39,-9,29,24,-34,9,0,-19,-29,-58,-48,-48
-34,-9,24,21,-29,7,0,-19,-34,-63,-53,-48
-29,-9,19,19,-24,4,0,-19,-39,-68,-58,-48
-29,-9,19,19,-24,4,-4,-19,-39,-68,-58,-48
-29,-9,19,19,-24,4,-9,-19,-39,-68,-58,-48
-34,-14,19,24,-26,2,-9,-24,-34,-68,-58,-43
-39,-19,19,29,-29,0,-9,-29,-29,-68,-58,-39
-39,-19,19,29,-29,0,-4,-29,-29,-68,-58,-39
-39,-19,19,29,-29,0,0,-29,-29,-68,-58,-39
-39,-19,19,29,-29,0,0,-24,-34,-68,-58,-43
-39,-19,19,29,-29,0,0,-19,-39,-68,-58,-48
-39,-19,19,29,-29,0,-4,-19,-39,-68,-58,-53
-39,-19,19,29,-29,0,-4,-19,-34,-68,-58,-53
-39,-19,19,29,-29,0,-9,-19,-29,-68,-58,-58
-39,-14,24,26,-31,4,-9,-19,-24,-68,-58,-58
-39,-9,29,24,-34,9,-4,-19,-24,-68,-53,-53
-39,-9,29,24,-34,9,-4,-19,-24,-68,-48,-48
-39,-24,14,31,-26,-4,-4,-19,-24,-68,-48,-48
-39,-39,0,39,-19,-19,4,-9,-29,-78,-58,-53
-39,-73,-34,56,-2,-53,19,4,-34,-78,-68,-63
-34,-97,-63,65,14,-80,43,29,-43,-78,-73,-73
-29,-122,-92,75,31,-107,68,48,-48,-87,-78,-82
-24,-136,-112,80,43,-124,87,63,-63,-92,-82,-87
-9,-151,-141,80,65,-146,87,73,-78,-107,-92,-97
9,-161,-170,75,90,-165,82,78,-97,-117,-107,-107
14,-170,-185,78,100,-178,78,73,-122,-131,-112,-117
19,-170,-190,75,104,-180,73,68,-122,-131,-122,-117
24,-165,-190,70,107,-178,68,68,-122,-131,-112,-107
24,-165,-190,70,107,-178,87,68,-117,-131,-112,-107
24,-165,-190,70,107,-178,112,78,-122,-136,-126,-117
29,-165,-195,68,112,-180,112,82,-126,-141,-131,-117
29,-141,-170,56,100,-156,112,78,-126,-141,-122,-117
29,-107,-136,39,82,-122,87,68,-112,-122,-102,-92
39,-68,-107,14,73,-87,24,39,-87,-102,-82,-73
48,-29,-78,-9,63,-53,-39,4,-68,-82,-58,-53
63,-14,-78,-24,70,-46,-43,-4,-63,-82,-53,-48
58,-9,-68,-24,63,-39,-43,-19,-63,-82,-53,-48
53,-4,-58,-24,56,-31,-39,-14,-63,-82,-43,-43
43,-4,-48,-19,46,-26,-29,-9,-58,-82,-39,-39
39,-9,-48,-14,43,-29,-24,0,-58,-87,-58,-53
24,-19,-43,-2,34,-31,-19,0,-58,-87,-68,-58
-4,-24,-19,14,7,-21,-4,0,-48,-82,-68,-58
-24,-14,9,19,-17,-2,0,0,-39,-78,-68,-58
-34,-4,29,19,-31,12,0,0,-34,-73,-63,-53
-34,0,34,17,-34,17,-4,-9,-24,-63,-58,-48
-34,4,39,14,-36,21,-4,-9,-24,-63,-53,-43
-39,4,43,17,-41,24,-4,-9,-24,-63,-53,-39
-39,4,43,17,-41,24,-4,-9,-24,-63,-53,-39
-43,4,48,19,-46,26,-4,-9,-19,-63,-48,-39
-48,4,53,21,-51,29,0,-4,-14,-63,-48,-43
-53,0,53,26,-53,26,0,-4,-14,-63,-48,-43
-53,0,53,26,-53,26,0,-4,-19,-58,-48,-43
-58,0,58,29,-58,29,0,-4,-24,-53,-48,-39
-63,9,73,26,-68,41,-9,-24,-19,-53,-39,-34
-63,34,97,14,-80,65,-19,-48,14,-19,-14,-24
-58,73,131,-7,-95,102,-34,-68,73,14,-4,-14
-43,136,180,-46,-112,158,-58,-87,151,97,48,24
-19,200,219,-90,-119,209,-156,-180,214,253,180,126
-19,283,302,-131,-161,292,-268,-400,336,473,395,287
-34,492,527,-229,-280,509,-419,-834,502,775,702,556
9,727,717,-368,-353,722,-614,-1215,634,1024,1049,893
117,961,844,-539,-363,902,-893,-1600,653,1215,1424,1288
204,1278,1073,-741,-434,1176,-1190,-2044,595,1390,1839,1732
131,1932,1800,-1032,-834,1866,-1610,-2840,507,1732,2498,2361
39,2030,1991,-1034,-976,2010,-1659,-3142,209,1815,2693,2518
29,1112,1083,-570,-527,1098,-1254,-2815,-336,1390,2161,2049
9,175,165,-92,-78,170,-766,-2249,-849,780,1332,1312
-151,-190,-39,170,-56,-114,-590,-1864,-1054,239,356,356
-283,-527,-244,405,-19,-385,-219,-1395,-1098,-195,-253,-263
-322,-712,-390,517,34,-551,302,-712,-980,-429,-429,-390
-307,-780,-473,544,82,-627,605,-180,-785,-497,-473,-439
-229,-824,-595,527,183,-710,658,39,-663,-541,-492,-468
-161,-756,-595,458,217,-675,507,43,-561,-507,-473,-468
-190,-688,-497,439,153,-592,356,-63,-507,-453,-434,-429
-209,-639,-429,424,109,-534,302,-92,-458,-419,-414,-405
-146,-546,-400,346,126,-473,317,-4,-361,-366,-380,-375
-58,-424,-366,241,153,-395,283,82,-253,-297,-322,-331
0,-175,-175,87,87,-175,151,146,-82,-131,-161,-180
-24,-34,-9,29,-7,-21,102,170,14,-34,-63,-82
-48,-24,24,36,-36,0,117,170,39,-29,-58,-82
-34,-39,-4,36,-14,-21,117,161,53,-24,-63,-92
-34,-24,9,29,-21,-7,117,156,68,-14,-48,-78
-34,4,39,14,-36,21,102,156,73,0,-43,-68
-34,19,53,7,-43,36,97,161,78,0,-34,-63
-34,24,58,4,-46,41,97,161,92,4,-34,-63
-29,34,63,-2,-46,48,92,151,102,14,-24,-58
-24,43,68,-9,-46,56,82,151,102,24,-19,-48
-19,53,73,-17,-46,63,78,156,107,29,-9,-34
-19,53,73,-17,-46,63,78,156,112,29,-9,-24
-14,53,68,-19,-41,61,78,156,122,39,-4,-24
-14,53,68,-19,-41,61,73,156,122,43,0,-24
-14,48,63,-17,-39,56,68,156,122,48,4,-24
-14,43,58,-14,-36,51,68,156,122,53,4,-29
-9,43,53,-17,-31,48,68,156,131,58,9,-24
0,48,48,-24,-24,48,63,161,141,63,14,-24
0,48,48,-24,-24,48,58,161,141,68,14,-19
4,48,43,-26,-19,46,58,161,146,73,14,-9
9,48,39,-29,-14,43,58,161,141,78,14,-9
19,48,29,-34,-4,39,58,165,141,78,19,-9
24,53,29,-39,-2,41,58,165,146,78,24,-9
34,53,19,-43,7,36,53,170,146,87,24,-4
39,48,9,-43,14,29,48,175,156,92,29,-4
39,48,9,-43,14,29,48,175,161,97,29,-4
34,43,9,-39,12,26,43,180,165,102,29,0
39,39,0,-39,19,19,39,185,165,112,29,4
48,43,-4,-46,26,19,43,190,170,122,34,4
58,53,-4,-56,31,24,43,200,175,126,39,9
63,58,-4,-61,34,26,43,214,180,136,48,14
68,58,-9,-63,39,24,39,219,190,141,48,14
73,53,-19,-63,46,17,39,229,190,141,48,9
73,48,-24,-61,48,12,34,239,195,141,48,9
78,43,-34,-61,56,4,34,244,200,141,48,9
87,39,-48,-63,68,-4,34,253,209,141,48,4
92,39,-53,-65,73,-7,34,268,209,146,53,4
102,39,-63,-70,82,-12,24,278,214,151,53,4
112,39,-73,-75,92,-17,24,292,224,151,53,4
122,43,-78,-82,100,-17,24,312,234,151,48,4
131,48,-82,-90,107,-17,24,322,234,151,43,4
141,48,-92,-95,117,-21,24,336,239,146,39,-4
151,53,-97,-102,124,-21,19,356,244,146,34,-4
165,63,-102,-114,134,-19,19,375,248,146,34,-9
175,63,-112,-119,143,-24,14,390,253,141,24,-9
185,58,-126,-122,156,-34,14,405,258,131,19,-14
195,58,-136,-126,165,-39,14,419,253,122,4,-24
200,48,-151,-124,175,-51,14,429,248,107,-9,-34
209,43,-165,-126,187,-61,14,448,248,92,-19,-34
214,34,-180,-124,197,-73,14,463,244,78,-29,-39
219,34,-185,-126,202,-75,14,478,244,53,-53,-53
229,29,-200,-129,214,-85,19,488,239,29,-68,-63
229,24,-204,-126,217,-90,19,492,219,9,-87,-73
234,14,-219,-124,226,-102,19,492,204,-9,-107,-82
239,9,-229,-124,234,-109,19,492,200,-34,-117,-87
244,4,-239,-124,241,-117,19,492,185,-58,-131,-87
229,0,-229,-114,229,-114,19,488,170,-82,-146,-97
219,-4,-224,-107,222,-114,19,473,165,-97,-156,-107
209,-4,-214,-102,212,-109,24,458,146,-117,-175,-112
190,-4,-195,-92,192,-100,24,439,131,-126,-190,-117
180,-9,-190,-85,185,-100,29,424,122,-131,-195,-117
165,-9,-175,-78,170,-92,29,405,112,-131,-195,-112
146,-9,-156,-68,151,-82,34,370,102,-122,-185,-112
126,-14,-141,-56,134,-78,34,341,97,-112,-175,-107
102,-24,-126,-39,114,-75,39,317,78,-112,-165,-102
78,-29,-107,-24,92,-68,43,287,63,-112,-156,-102
58,-34,-92,-12,75,-63,43,253,53,-102,-146,-92
39,-34,-73,-2,56,-53,43,219,48,-92,-136,-87
29,-34,-63,2,46,-48,43,190,39,-82,-117,-73
19,-34,-53,7,36,-43,39,161,29,-73,-112,-68
4,-34,-39,14,21,-36,34,136,24,-68,-102,-63
0,-34,-34,17,17,-34,34,117,19,-63,-87,-63
-4,-29,-24,17,9,-26,29,97,14,-48,-82,-48
-4,-29,-24,17,9,-26,29,82,9,-39,-68,-34
-9,-24,-14,17,2,-19,29,73,9,-34,-53,-24
-9,-24,-14,17,2,-19,24,68,9,-29,-43,-24
-4,-19,-14,12,4,-17,29,63,14,-19,-29,-14
-4,-19,-14,12,4,-17,29,58,14,-9,-19,-19
-4,-19,-14,12,4,-17,29,58,14,-9,-9,-9
-9,-19,-9,14,0,-14,24,58,9,0,-9,-9
-14,-24,-9,19,-2,-17,24,58,14,0,-4,-14
-19,-24,-4,21,-7,-14,24,58,14,0,0,-14
-19,-24,-4,21,-7,-14,24,63,14,4,0,-14
-19,-24,-4,21,-7,-14,24,63,19,9,4,-19
-19,-19,0,19,-9,-9,24,63,19,14,4,-9
-14,-19,-4,17,-4,-12,24,68,19,19,9,4
-9,-14,-4,12,-2,-9,19,68,19,19,9,9
-4,-14,-9,9,2,-12,14,68,24,19,14,9
-4,-9,-4,7,0,-7,14,73,24,19,14,4
-4,-4,0,4,-2,-2,14,73,19,19,14,0
-4,-4,0,4,-2,-2,14,73,19,19,9,0
-4,-4,0,4,-2,-2,14,68,19,19,9,0
-9,-14,-4,12,-2,-9,14,63,19,19,9,4
-14,-19,-4,17,-4,-12,14,58,14,14,9,9
-19,-24,-4,21,-7,-14,14,58,14,14,9,4
-19,-29,-9,24,-4,-19,9,53,9,4,9,0
-19,-29,-9,24,-4,-19,4,53,4,0,9,-9
-24,-29,-4,26,-9,-17,4,48,4,-4,0,-14
-24,-19,4,21,-14,-7,9,48,0,-4,-4,-14
-24,-14,9,19,-17,-2,9,48,0,-4,-9,-14
-24,-14,9,19,-17,-2,9,43,0,-9,-14,-19
-24,-14,9,19,-17,-2,4,39,0,-4,-14,-19
-34,-14,19,24,-26,2,4,39,0,-9,-14,-24
-39,-14,24,26,-31,4,4,34,-4,-14,-19,-24
-39,-19,19,29,-29,0,9,34,-9,-14,-24,-24
-39,-29,9,34,-24,-9,14,29,-9,-19,-24,-24
-39,-29,9,34,-24,-9,14,24,-9,-19,-24,-29
-34,-24,9,29,-21,-7,14,24,-9,-24,-29,-29
-29,-24,4,26,-17,-9,14,24,-14,-34,-24,-19
-29,-24,4,26,-17,-9,14,19,-19,-34,-29,-9
-24,-24,0,24,-12,-12,14,14,-29,-34,-29,-24
-24,-29,-4,26,-9,-17,9,9,-34,-43,-29,-34
-29,-29,0,29,-14,-14,9,4,-43,-48,-34,-34
-29,-29,0,29,-14,-14,9,0,-43,-48,-34,-39
-29,-29,0,29,-14,-14,14,0,-43,-53,-43,-43
-29,-24,4,26,-17,-9,14,0,-43,-58,-48,-43
-29,-24,4,26,-17,-9,9,0,-43,-58,-48,-43
-29,-29,0,29,-14,-14,9,0,-48,-58,-48,-48
-34,-34,0,34,-17,-17,14,0,-48,-58,-48,-48
-34,-39,-4,36,-14,-21,14,0,-48,-58,-48,-43
-39,-39,0,39,-19,-19,14,0,-48,-63,-48,-39
-39,-39,0,39,-19,-19,9,-4,-48,-63,-48,-39
-39,-43,-4,41,-17,-24,4,-4,-48,-63,-48,-39
-43,-48,-4,46,-19,-26,0,-4,-48,-63,-48,-39
-48,-53,-4,51,-21,-29,0,-4,-48,-68,-53,-39
-48,-53,-4,51,-21,-29,0,-4,-48,-73,-58,-43
-48,-53,-4,51,-21,-29,4,-4,-48,-73,-58,-43
-48,-53,-4,51,-21,-29,9,-4,-48,-73,-58,-43
-43,-48,-4,46,-19,-26,9,-4,-53,-73,-53,-43
-43,-48,-4,46,-19,-26,9,-4,-53,-68,-48,-43
-43,-53,-9,48,-17,-31,9,-4,-53,-68,-48,-43
-43,-53,-9,48,-17,-31,9,-4,-48,-68,-53,-43
-43,-58,-14,51,-14,-36,9,-4,-48,-68,-53,-43
-43,-63,-19,53,-12,-41,9,-4,-48,-63,-48,-43
-43,-63,-19,53,-12,-41,9,-9,-53,-63,-48,-39
-43,-63,-19,53,-12,-41,9,-9,-53,-63,-53,-34
-43,-63,-19,53,-12,-41,9,-4,-53,-68,-53,-34
-48,-63,-14,56,-17,-39,9,-4,-53,-68,-53,-34
-48,-63,-14,56,-17,-39,9,-9,-53,-68,-53,-39
-43,-58,-14,51,-14,-36,9,-9,-53,-63,-53,-43
-43,-53,-9,48,-17,-31,9,-9,-53,-63,-53,-43
-43,-53,-9,48,-17,-31,9,-9,-48,-63,-48,-48
-43,-48,-4,46,-19,-26,9,-9,-43,-63,-48,-48
-43,-48,-4,46,-19,-26,9,-9,-39,-63,-53,-48
-43,-48,-4,46,-19,-26,9,-9,-43,-63,-53,-39
-48,-48,0,48,-24,-24,4,-14,-43,-68,-53,-34
-58,-58,0,58,-29,-29,4,-14,-48,-68,-53,-34
-63,-63,0,63,-31,-31,4,-14,-53,-63,-53,-34
-63,-63,0,63,-31,-31,0,-19,-53,-63,-53,-39
-63,-63,0,63,-31,-31,-4,-24,-53,-68,-58,-39
-63,-58,4,61,-34,-26,-4,-19,-53,-68,-58,-39
-58,-53,4,56,-31,-24,-4,-19,-53,-68,-53,-39
-58,-53,4,56,-31,-24,0,-19,-53,-68,-53,-34
-58,-43,14,51,-36,-14,4,-19,-48,-68,-48,-34
-53,-43,9,48,-31,-17,4,-14,-48,-68,-48,-34
-53,-43,9,48,-31,-17,4,-9,-53,-68,-48,-34
-53,-43,9,48,-31,-17,0,-9,-53,-68,-53,-34
-53,-43,9,48,-31,-17,-4,-14,-53,-68,-53,-39
-48,-48,0,48,-24,-24,0,-14,-53,-68,-58,-39
-43,-48,-4,46,-19,-26,0,-14,-53,-68,-58,-39
-48,-53,-4,51,-21,-29,0,-9,-53,-68,-58,-39
-48,-53,-4,51,-21,-29,0,-9,-53,-68,-58,-39
-53,-53,0,53,-26,-26,-4,-9,-53,-68,-63,-43
-58,-53,4,56,-31,-24,-4,-9,-53,-68,-63,-48
-58,-53,4,56,-31,-24,0,-4,-48,-68,-63,-48
-58,-53,4,56,-31,-24,0,-4,-48,-68,-68,-48
-53,-48,4,51,-29,-21,0,-9,-48,-68,-63,-48
-48,-48,0,48,-24,-24,0,-19,-48,-68,-58,-48
-48,-48,0,48,-24,-24,4,-19,-48,-68,-58,-48
-48,-48,0,48,-24,-24,9,-19,-48,-68,-58,-48
-48,-48,0,48,-24,-24,9,-19,-53,-68,-58,-48
-48,-48,0,48,-24,-24,9,-19,-58,-68,-58,-48
-48,-48,0,48,-24,-24,4,-19,-58,-68,-58,-48
-48,-48,0,48,-24,-24,0,-19,-58,-68,-58,-48
-48,-48,0,48,-24,-24,0,-19,-58,-68,-53,-43
-48,-48,0,48,-24,-24,0,-19,-58,-68,-48,-39
-43,-48,-4,46,-19,-26,0,-19,-58,-68,-48,-39
-39,-48,-9,43,-14,-29,0,-19,-58,-68,-48,-39
-39,-48,-9,43,-14,-29,4,-14,-53,-68,-53,-43
-39,-48,-9,43,-14,-29,9,-9,-48,-68,-58,-48
-43,-48,-4,46,-19,-26,9,-9,-48,-68,-58,-48
-48,-48,0,48,-24,-24,9,-9,-48,-68,-58,-48
-48,-48,0,48,-24,-24,9,-9,-48,-68,-58,-48
-48,-48,0,48,-24,-24,9,-9,-48,-68,-58,-48
-48,-48,0,48,-24,-24,9,-9,-48,-63,-58,-48
-48,-48,0,48,-24,-24,9,-9,-48,-58,-58,-48
-48,-48,0,48,-24,-24,9,-4,-48,-58,-58,-48
-48,-48,0,48,-24,-24,9,0,-48,-58,-58,-48
-48,-53,-4,51,-21,-29,9,0,-48,-63,-58,-48
-48,-58,-9,53,-19,-34,9,0,-48,-68,-58,-48
-48,-58,-9,53,-19,-34,9,0,-48,-68,-58,-48
-48,-58,-9,53,-19,-34,9,0,-48,-68,-58,-48
-48,-53,-4,51,-21,-29,9,0,-48,-63,-53,-43
-48,-48,0,48,-24,-24,9,0,-48,-58,-48,-39
-48,-48,0,48,-24,-24,9,0,-48,-58,-48,-39
-48,-48,0,48,-24,-24,9,0,-48,-58,-48,-39
-48,-48,0,48,-24,-24,9,0,-48,-58,-53,-43
-48,-48,0,48,-24,-24,9,0,-48,-58,-58,-48
-53,-53,0,53,-26,-26,9,0,-48,-58,-58,-48
-58,-58,0,58,-29,-29,9,0,-48,-58,-58,-48
-58,-58,0,58,-29,-29,9,0,-43,-58,-53,-39
-53,-58,-4,56,-24,-31,9,0,-39,-58,-48,-39
-53,-58,-4,56,-24,-31,9,0,-34,-58,-48,-39
-48,-53,-4,51,-21,-29,9,0,-34,-58,-48,-48
-48,-48,0,48,-24,-24,14,0,-39,-58,-53,-48
-48,-48,0,48,-24,-24,14,0,-43,-58,-58,-48
-48,-63,-14,56,-17,-39,14,0,-43,-58,-58,-48
-48,-78,-29,63,-9,-53,24,9,-48,-68,-68,-53
-48,-112,-63,80,7,-87,39,19,-53,-73,-78,-58
-43,-136,-92,90,24,-114,63,39,-63,-78,-82,-63
-39,-161,-122,100,41,-141,87,58,-63,-87,-87,-73
-34,-175,-141,104,53,-158,107,73,-73,-92,-92,-78
-24,-190,-165,107,70,-178,102,82,-87,-107,-97,-92
-9,-200,-190,104,90,-195,92,87,-107,-117,-107,-107
-4,-204,-200,104,97,-202,87,87,-131,-131,-112,-117
0,-200,-200,100,100,-200,82,87,-131,-131,-122,-117
4,-195,-200,95,102,-197,82,87,-131,-131,-117,-102
4,-195,-200,95,102,-197,107,87,-126,-131,-122,-97
4,-195,-200,95,102,-197,136,97,-126,-131,-131,-107
9,-195,-204,92,107,-200,141,102,-126,-131,-131,-107
14,-170,-185,78,100,-178,141,97,-126,-136,-122,-107
19,-136,-156,58,87,-146,117,87,-112,-122,-102,-82
29,-97,-126,34,78,-112,48,58,-87,-102,-82,-63
39,-58,-97,9,68,-78,-19,24,-68,-82,-58,-43
48,-53,-102,2,75,-78,-24,14,-68,-78,-53,-39
39,-58,-97,9,68,-78,-24,0,-73,-73,-53,-39
34,-53,-87,9,61,-70,-19,0,-73,-73,-53,-39
24,-53,-78,14,51,-65,-9,0,-68,-73,-58,-39
19,-53,-73,17,46,-63,-4,9,-68,-82,-68,-53
4,-58,-63,26,34,-61,0,9,-68,-87,-68,-58
-24,-58,-34,41,4,-46,9,9,-58,-82,-68,-58
-43,-43,0,43,-21,-21,9,9,-48,-78,-68,-58
-53,-34,19,43,-36,-7,9,4,-43,-73,-63,-53
-53,-29,24,41,-39,-2,4,-9,-34,-63,-58,-48
-43,-24,19,34,-31,-2,4,-9,-34,-63,-53,-43
-39,-24,14,31,-26,-4,4,-9,-34,-63,-53,-39
-39,-19,19,29,-29,0,0,-9,-34,-63,-53,-39
-43,-14,29,29,-36,7,-4,-9,-29,-63,-48,-39
-43,-9,34,26,-39,12,0,0,-19,-63,-43,-39
-43,-9,34,26,-39,12,0,4,-14,-63,-39,-34
-43,-9,34,26,-39,12,9,4,-14,-58,-39,-34
-48,-9,39,29,-43,14,19,4,-14,-53,-39,-29
-53,-4,48,29,-51,21,9,-14,-19,-58,-39,-34
-53,14,68,19,-61,41,0,-39,4,-29,-24,-34
-53,34,87,9,-70,61,-14,-43,53,-4,-24,-29
-43,78,122,-17,-82,100,-39,-48,122,68,19,4
-19,131,151,-56,-85,141,-122,-146,180,219,156,112
-19,204,224,-92,-122,214,-219,-370,297,434,375,278
-34,395,429,-180,-231,412,-380,-785,424,697,649,527
9,610,600,-309,-295,605,-585,-1146,517,907,961,844
112,824,712,-468,-300,768,-844,-1493,575,1122,1332,1205
195,1122,927,-658,-366,1024,-1122,-1898,556,1322,1742,1615
131,1805,1673,-968,-771,1739,-1537,-2659,541,1693,2405,2259
48,1932,1883,-990,-917,1908,-1581,-2928,317,1805,2605,2430
14,1068,1054,-541,-519,1061,-1185,-2654,-209,1400,2093,1981
-29,185,214,-78,-122,200,-707,-2142,-702,810,1283,1263
-180,-151,29,165,-104,-61,-575,-1790,-927,312,356,346
-302,-458,-156,380,-73,-307,-248,-1356,-990,-78,-204,-234